density	radius_of_gyration	surface_area_to_volume_ratio	sphericity	euler_characteristic	inradius	circumradius	hydrodynamic_radius	sequence_length	face_count	avg_plddt	hull_presence	full_sequence
0.0	0.0	0.0	0.0	0.0	0.0	0.0	0.0	0.0	0.0	0.0	0.0	
0.0	0.0	0.0	0.0	0.0	0.0	0.0	0.0	0.0	0.0	0.0	0.0	
0.822039587793094	15.659205436706543	0.1717947594632875	0.9149007440155777	2.0	15.176469802856445	30.68790626525879	19.086986320352615	411.0	76.0	94.24186067827681	2.0	METGLNCYSGLYLEUVALGLYLYSILEILELYSARGPHEGLUGLNLYSGLYPHEARGLEUVALALAMETLYSPHELEUPROALASERGLUGLUHISLEULYSGLNHISTYRILEASPLEULYSASPARGPROPHEPHEPROGLYLEUVALLYSTYRMETASNSERGLYPROVALVALALAMETVALTRPGLUGLYLEUASNVALVALLYSTHRGLYARGVALMETLEUGLYGLUTHRASNPROALAASPSERLYSPROGLYTHRILEARGGLYASPPHECYSILEGLNVALGLYARGASNILEILEHISGLYSERASPSERVALLYSSERALAGLULYSGLUILESERLEUARGPHELYSPROGLUGLULEUVALASPTYRLYSSERCYSALAHISASPTRPVALTYRGLU
0.0	0.0	0.0	0.0	0.0	0.0	0.0	0.0	0.0	0.0	0.0	0.0	
0.0	0.0	0.0	0.0	0.0	0.0	0.0	0.0	0.0	0.0	0.0	0.0	
0.3812456485556323	36.37208557128906	0.06360360295865886	0.9045361874721182	2.0	46.04010009765625	76.13198852539062	52.14511032476527	3927.0	124.0	83.69820500387898	1.0	METLEULEUASNGLYASPCYSPROGLUSERLEULYSLYSGLUALAALAALAALAGLUPROPROARGGLUASNGLYLEUASPGLUALAGLYPROGLYASPGLUTHRTHRGLYGLNGLUVALILEVALILEGLNASPTHRGLYPHESERVALLYSILELEUALAPROGLYILEGLUPROPHESERLEUGLNVALSERPROGLNGLUMETVALGLNGLUILEHISGLNVALLEUMETASPARGGLUASPTHRCYSHISARGTHRCYSPHESERLEUHISLEUASPGLYASNVALLEUASPHISPHESERGLULEUARGSERVALGLUGLYLEUGLNGLUGLYSERVALLEUARGVALVALGLUGLUPROTYRTHRVALARGGLUALAARGILEHISVALARGHISVALARGASPLEULEULYSSERLEUASPPROSERASPALAPHEASNGLYVALASPCYSASNSERLEUSERPHELEUSERVALPHETHRASPGLYASPLEUGLYASPSERGLYLYSARGLYSLYSGLYLEUGLUMETASPPROILEASPCYSTHRPROPROGLUTYRILELEUPROGLYSERARGGLUARGPROLEUCYSPROLEUGLNPROGLNASNARGASPTRPLYSPROLEUGLNCYSLEULYSVALLEUTHRMETSERGLYTRPASNPROPROPROGLYASNARGLYSMETHISGLYASPLEUMETTYRLEUPHEVALILETHRALAGLUASPARGGLNVALSERILETHRALASERTHRARGGLYPHETYRLEUASNGLNSERTHRALATYRHISPHEASNPROLYSPROALASERPROARGPHELEUSERHISSERLEUVALGLULEULEUASNGLNILESERPROTHRPHELYSLYSASNPHEALAVALLEUGLNLYSLYSARGVALGLNARGHISPROPHEGLUARGILEALATHRPROPHEGLNVALTYRSERTRPTHRALAPROGLNALAGLUHISALAMETASPCYSVALARGALAGLUASPALATYRTHRSERARGLEUGLYTYRGLUGLUHISILEPROGLYGLNTHRARGASPTRPASNGLUGLULEUGLNTHRTHRARGGLULEUPROARGLYSASNLEUPROGLUARGLEULEUARGGLUARGALAILEPHELYSVALHISSERASPPHETHRALAALAALATHRARGGLYALAMETALAVALILEASPGLYASNVALMETALAILEASNPROSERGLUGLUTHRLYSMETGLNMETPHEILETRPASNASNILEPHEPHESERLEUGLYPHEASPVALARGASPHISTYRLYSASPPHEGLYGLYASPVALALAALATYRVALALAPROTHRASNASPLEUASNGLYVALARGTHRTYRASNALAVALASPVALGLUGLYLEUTYRTHRLEUGLYTHRVALVALVALASPTYRARGGLYTYRARGVALTHRALAGLNSERILEILEPROGLYILELEUGLUARGASPGLNGLUGLNSERVALILETYRGLYSERILEASPPHEGLYLYSTHRVALVALSERHISPROARGTYRLEUGLULEULEUGLUARGTHRSERARGPROLEULYSILELEUARGHISGLNVALLEUASNASPARGASPGLUGLUVALGLULEUCYSSERSERVALGLUCYSLYSGLYILEILEGLYASNASPGLYARGHISTYRILELEUASPLEULEUARGTHRPHEPROPROASPLEUASNPHELEUPROVALPROGLYGLUGLULEUPROGLUGLUCYSALAARGALAGLYPHEPROARGALAHISARGHISLYSLEUCYSCYSLEUARGGLNGLULEUVALASPALAPHEVALGLUHISARGTYRLEULEUPHEMETLYSLEUALAALALEUGLNLEUMETGLNGLNASNALASERGLNLEUGLUTHRPROSERSERLEUGLUASNGLYGLYPROSERSERLEUGLUSERLYSSERGLUASPPROPROGLYGLNGLUALAGLYSERGLUGLUGLUGLYSERSERALASERGLYLEUALALYSVALLYSGLULEUALAGLUTHRILEALAALAASPASPGLYTHRASPPROARGSERARGGLUVALILEARGASNALACYSLYSALAVALGLYSERILESERSERTHRALAPHEASPILEARGPHEASNPROASPILEPHESERPROGLYVALARGPHEPROGLUSERCYSGLNASPGLUVALARGASPGLNLYSGLNLEULEULYSASPALAALAALAPHELEULEUSERCYSGLNILEPROGLYLEUVALLYSASPCYSMETGLUHISALAVALLEUPROVALASPGLYALATHRLEUALAGLUVALMETARGGLNARGGLYILEASNMETARGTYRLEUGLYLYSVALLEUGLULEUVALLEUARGSERPROALAARGHISGLNLEUASPHISVALPHELYSILEGLYILEGLYGLULEUILETHRARGSERALALYSHISILEPHELYSTHRTYRLEUGLNGLYVALGLULEUSERGLYLEUSERALAALAILESERHISPHELEUASNCYSPHELEUSERSERTYRPROASNPROVALALAHISLEUPROALAASPGLULEUVALSERLYSLYSARGASNLYSARGARGLYSASNARGPROPROGLYALAALAASPASNTHRALATRPALAVALMETTHRPROGLNGLULEUTRPLYSASNILECYSGLNGLUALALYSASNTYRPHEASPPHEASPLEUGLUCYSGLUTHRVALASPGLNALAVALGLUTHRTYRGLYLEUGLNLYSILETHRLEULEUARGGLUILESERLEULYSTHRGLYILEGLNVALLEULEULYSGLUTYRSERPHEASPSERARGHISLYSPROALAPHETHRGLUGLUASPVALLEUASNILEPHEPROVALVALLYSHISVALASNPROLYSALASERASPALAPHEHISPHEPHEGLNSERGLYGLNALALYSVALGLNGLNGLYPHELEULYSGLUGLYCYSGLULEUILEASNGLUALALEUASNLEUPHEASNASNVALTYRGLYALAMETHISVALGLUTHRCYSALACYSLEUARGLEULEUALAARGLEUHISTYRILEMETGLYASPTYRALAGLUALALEUSERASNGLNGLNLYSALAVALLEUMETSERGLUARGVALMETGLYTHRGLUHISPROASNTHRILEGLNGLUTYRMETHISLEUALALEUTYRCYSPHEALASERSERGLNLEUSERTHRALALEUSERLEULEUTYRARGALAARGTYRLEUMETLEULEUVALPHEGLYGLUASPHISPROGLUMETALALEULEUASPASNASNILEGLYLEUVALLEUHISGLYVALMETGLUTYRASPLEUSERLEUARGPHELEUGLUASNALALEUALAVALSERTHRLYSTYRHISGLYPROLYSALALEULYSVALALALEUSERHISHISLEUVALALAARGVALTYRGLUSERLYSALAGLUPHEARGSERALALEUGLNHISGLULYSGLUGLYTYRTHRILETYRLYSTHRGLNLEUGLYGLUASPHISGLULYSTHRLYSGLUSERSERGLUTYRLEULYSCYSLEUTHRGLNGLNALAVALALALEUGLNARGTHRMETASNGLUILETYRARGASNGLYSERSERALAASNILEPROPROLEULYSPHETHRALAPROSERMETALASERVALLEUGLUGLNLEUASNVALILEASNGLYILELEUPHEILEPROLEUSERGLNLYSASPLEUGLUASNLEULYSALAGLUVALALAARGARGHISGLNLEUGLNGLUALASERARGASNARGASPARGALAGLUGLUPROMETALATHRGLUPROALAPROALAGLYALAPROGLYASPLEUGLYSERGLNPROPROALAALALYSASPPROSERPROSERVALGLNGLY
0.0	0.0	0.0	0.0	0.0	0.0	0.0	0.0	0.0	0.0	0.0	0.0	
0.0	0.0	0.0	0.0	0.0	0.0	0.0	0.0	0.0	0.0	0.0	0.0	
0.0	0.0	0.0	0.0	0.0	0.0	0.0	0.0	0.0	0.0	0.0	0.0	
0.0	0.0	0.0	0.0	0.0	0.0	0.0	0.0	0.0	0.0	0.0	0.0	
0.0	0.0	0.0	0.0	0.0	0.0	0.0	0.0	0.0	0.0	0.0	0.0	
0.1932464963657615	33.288482666015625	0.09044543151933383	0.8770276783130304	2.0	26.40167808532715	62.63684844970703	37.81998219043769	789.0	132.0	70.6116983016983	1.0	METGLUGLUSERGLYTYRGLUSERVALLEUCYSVALLYSPROASPVALHISVALTYRARGILEPROPROARGALATHRASNARGGLYTYRARGALAALAGLUTRPGLNLEUASPGLNPROSERTRPSERGLYARGLEUARGILETHRALALYSGLYGLNMETALATYRILELYSLEUGLUASPARGTHRSERGLYGLULEUPHEALAGLNALAPROVALASPGLNPHEPROGLYTHRALAVALGLUSERVALTHRASPSERSERARGTYRPHEVALILEARGILEGLUASPGLYASNGLYARGARGALAPHEILEGLYILEGLYPHEGLYASPARGGLYASPALAPHEASPPHEASNVALALALEUGLNASPHISPHELYSTRPVALLYSGLNGLNCYSGLUPHEALALYSGLNALAGLNASNPROASPGLNGLYPROLYSLEUASPLEUGLYPHELYSGLUGLYGLNTHRILELYSLEUASNILEALAASNMETLYSLYSLYSGLUGLYALAALAGLYASNPROARGVALARGPROALASERTHRGLYGLYLEUSERLEULEUPROPROPROPROGLYGLYLYSTHRSERTHRLEUILEPROPROPROGLYGLUGLNLEUALAVALGLYGLYSERLEUVALGLNPROALAVALALAPROSERSERGLYGLYALAPROVALPROTRPPROGLNPROASNPROALATHRALAASPILETRPGLYASPPHETHRLYSSERTHRGLYSERTHRSERSERGLNTHRGLNPROGLYTHRGLYTRPVALGLNPHE
0.0	0.0	0.0	0.0	0.0	0.0	0.0	0.0	0.0	0.0	0.0	0.0	
0.2876122120331705	31.732633590698242	0.07667603679573486	0.8602832113099875	2.0	34.23737716674805	85.98643493652344	45.47996795373264	1929.0	124.0	89.44986460348163	2.0	METGLULYSSERSERSERCYSGLUSERLEUGLYSERGLNPROALAALAALAARGPROPROSERVALASPSERLEUSERSERALASERTHRSERHISSERGLUASNSERVALHISTHRLYSSERALASERVALVALSERSERASPSERILESERTHRSERALAASPASNPHESERPROASPLEUARGVALLEUARGGLUSERASNLYSLEUALAGLUMETGLUGLUPROPROLEULEUPROGLYGLUASNILELYSASPMETALALYSASPVALTHRTYRILECYSPROPHETHRGLYALAVALARGGLYTHRLEUTHRVALTHRASNTYRARGLEUTYRPHELYSSERMETGLUARGASPPROPROPHEVALLEUASPALASERLEUGLYVALILEASNARGVALGLULYSILEGLYGLYALASERSERARGGLYGLUASNSERTYRGLYLEUGLUTHRVALCYSLYSASPILEARGASNLEUARGPHEALAHISLYSPROGLUGLYARGTHRARGARGSERILEPHEGLUASNLEUMETLYSTYRALAPHEPROVALSERASNASNLEUPROLEUPHEALAPHEGLUTYRLYSGLUVALPHEPROGLUASNGLYTRPLYSLEUTYRASPPROLEULEUGLUTYRARGARGGLNGLYILEPROASNGLUSERTRPARGILETHRLYSILEASNGLUARGTYRGLULEUCYSASPTHRTYRPROALALEULEUVALVALPROALAASNILEPROASPGLUGLULEULYSARGVALALASERPHEARGSERARGGLYARGILEPROVALLEUSERTRPILEHISPROGLUSERGLNALATHRILETHRARGCYSSERGLNPROMETVALGLYVALSERGLYLYSARGSERLYSGLUASPGLULYSTYRLEUGLNALAILEMETASPSERASNALAGLNSERHISLYSILEPHEILEPHEASPALAARGPROSERVALASNALAVALALAASNLYSALALYSGLYGLYGLYTYRGLUSERGLUASPALATYRGLNASNALAGLULEUVALPHELEUASPILEHISASNILEHISVALMETARGGLUSERLEUARGLYSLEULYSGLUILEVALTYRPROASNILEGLUGLUTHRHISTRPLEUSERASNLEUGLUSERTHRHISTRPLEUGLUHISILELYSLEUILELEUALAGLYALALEUARGILEALAASPLYSVALGLUSERGLYLYSTHRSERVALVALVALHISCYSSERASPGLYTRPASPARGTHRALAGLNLEUTHRSERLEUALAMETLEUMETLEUASPGLYTYRTYRARGTHRILEARGGLYPHEGLUVALLEUVALGLULYSGLUTRPLEUSERPHEGLYHISARGPHEGLNLEUARGVALGLYHISGLYASPLYSASNHISALAASPALAASPARGSERPROVALPHELEUGLNPHEILEASPCYSVALTRPGLNMETTHRARGGLNPHEPROTHRALAPHEGLUPHEASNGLUTYRPHELEUILETHRILELEUASPHISLEUTYRSERCYSLEUPHEGLYTHRPHELEUCYSASNSERGLUGLNGLNARGGLYLYSGLUASNLEUPROLYSARGTHRVALSERLEUTRPSERTYRILEASNSERGLNLEUGLUASPPHETHRASNPROLEUTYRGLYSERTYRSERASNHISVALLEUTYRPROVALALASERMETARGHISLEUGLULEUTRPVALGLYTYRTYRILEARGTRPASNPROARGMETLYSPROGLNGLUPROILEHISASNARGTYRLYSGLULEULEUALALYSARGALAGLULEUGLNLYSLYSVALGLUGLULEUGLNARGGLUILESERASNARGSERTHRSERSERSERGLUARGALASERSERPROALAGLNCYSVALTHRPROVALGLNTHRVALVAL
0.37023071683379866	27.11829376220703	0.12734004044442027	0.8125401024109558	2.0	22.258766174316406	65.63285064697266	28.994222460385153	654.0	100.0	86.08537391304347	1.0	METGLYTHRARGASPASPGLUTYRASPTYRLEUPHELYSVALVALLEUILEGLYASPSERGLYVALGLYLYSSERASNLEULEUSERARGPHETHRARGASNGLUPHEASNLEUGLUSERLYSSERTHRILEGLYVALGLUPHEALATHRARGSERILEGLNVALASPGLYLYSTHRILELYSALAGLNILETRPASPTHRALAGLYGLNGLUARGTYRARGALAILETHRSERALATYRTYRARGGLYALAVALGLYALALEULEUVALTYRASPILEALALYSHISLEUTHRTYRGLUASNVALGLUARGTRPLEULYSGLULEUARGASPHISALAASPSERASNILEVALILEMETLEUVALGLYASNLYSSERASPLEUARGHISLEUARGALAVALPROTHRASPGLUALAARGALAPHEALAGLULYSASNASNLEUSERPHEILEGLUTHRSERALALEUASPSERTHRASNVALGLUGLUALAPHELYSASNILELEUTHRGLUILETYRARGILEVALSERGLNLYSGLNILEALAASPARGALAALAHISASPGLUSERPROGLYASNASNVALVALASPILESERVALPROPROTHRTHRASPGLYGLNLYSPROASNLYSLEUGLNCYSCYSGLNASNLEU
0.23365157144119583	40.622745513916016	0.09169666314625316	0.8202569588696849	2.0	34.2818489074707	94.650634765625	39.88575334831013	1017.0	76.0	76.56946921443738	4.0	METALAGLNTYRLYSGLYALAALASERGLUALAGLYARGALAMETHISLEUMETLYSLYSARGGLULYSGLNARGGLUGLNMETGLUGLNMETLYSGLNARGILEALAGLUGLUASNILEMETLYSSERASNILEASPLYSLYSPHESERALAHISTYRASPALAVALGLUALAGLULEULYSSERSERTHRVALGLYLEUVALTHRLEUASNASPMETLYSALALYSGLNGLUALALEUVALLYSGLUARGGLULYSGLNLEUALALYSLYSGLUGLNSERLYSGLULEUGLNMETLYSLEUGLULYSLEUARGGLULYSGLUARGLYSLYSGLUALALYSARGLYSILESERSERLEUSERPHETHRLEUGLUGLUGLUGLUGLUGLYGLYGLUGLUGLUGLUGLUALAALAMETTYRGLUGLUGLUMETGLUARGGLUGLUILETHRTHRLYSLYSARGLYSLEUGLYLYSASNPROASPVALASPTHRSERPHELEUPROASPARGASPARGGLUGLUGLUGLUASNARGLEUARGGLUGLULEUARGGLNGLUTRPGLUALALYSGLNGLULYSILELYSSERGLUGLUILEGLUILETHRPHESERTYRTRPASPGLYSERGLYHISARGARGTHRVALLYSMETARGLYSGLYASNTHRMETGLNGLNPHELEUGLNLYSALALEUGLUILELEUARGLYSASPPHESERGLULEUARGSERALAGLYVALGLUGLNLEUMETTYRILELYSGLUASPLEUILEILEPROHISHISHISSERPHETYRASPPHEILEVALTHRLYSALAARGGLYLYSSERGLYPROLEUPHEASNPHEASPVALHISASPASPVALARGLEULEUSERASPALATHRVALGLULYSASPGLUSERHISALAGLYLYSVALVALLEUARGSERTRPTYRGLULYSASNLYSHISILEPHEPROALASERARGTRPGLUPROTYRASPPROGLULYSLYSTRPASPLYSTYRTHRILEARG
0.2725029662166912	51.499488830566406	0.0493396142040071	0.9273549119035531	2.0	54.110572814941406	85.7229232788086	65.56612672322494	5604.0	192.0	74.02720329745198	3.0	METALAARGLEUALAASPTYRPHEVALLEUVALALAPHEGLYPROHISPROARGGLYSERGLYGLUGLYGLNGLYGLNILELEUGLNARGPHEPROGLULYSASPTRPGLUASPASNPROPHEPROGLNGLYILEGLULEUPHECYSGLNPROSERGLYTRPGLNLEUCYSPROGLUARGASNPROPROTHRPHEPHEVALALAVALLEUTHRASPILEASNSERGLUARGHISTYRCYSALACYSLEUTHRPHETRPGLUPROALAGLUPROSERGLNGLNGLUTHRTHRARGVALGLUASPALATHRGLUARGGLUGLUGLUGLYASPGLUGLYGLYGLNTHRHISLEUSERPROTHRALAPROALAPROSERALAGLNLEUPHEALAPROLYSTHRLEUVALLEUVALSERARGLEUASPHISTHRGLUVALPHEARGASNSERLEUGLYLEUILETYRALAILEHISVALGLUGLYLEUASNVALCYSLEUGLUASNVALILEGLYASNLEULEUTHRCYSTHRVALPROLEUALAGLYGLYSERGLNARGTHRILESERLEUGLYALAGLYASPARGGLNVALILEGLNTHRPROLEUALAASPSERLEUPROVALSERARGCYSSERVALALALEULEUPHEARGGLNLEUGLYILETHRASNVALLEUSERLEUPHECYSALAALALEUTHRGLUHISLYSVALLEUPHELEUSERARGSERTYRGLNARGLEUALAASPALACYSARGGLYLEULEUALALEULEUPHEPROLEUARGTYRSERPHETHRTYRVALPROILELEUPROALAGLNLEULEUGLUVALLEUSERTHRPROTHRPROPHEILEILEGLYVALASNALAALAPHEGLNALAGLUTHRGLNGLULEULEUASPVALILEVALALAASPLEUASPGLYGLYTHRVALTHRILEPROGLUCYSVALHISILEPROPROLEUPROGLUPROLEUGLNSERGLNTHRHISSERVALLEUSERMETVALLEUASPPROGLULEUGLULEUALAASPLEUALAPHEPROPROPROTHRTHRSERTHRSERSERLEULYSMETGLNASPLYSGLULEUARGALAVALPHELEUARGLEUPHEALAGLNLEULEUGLNGLYTYRARGTRPCYSLEUHISVALVALARGILEHISPROGLUPROVALILEARGPHEHISLYSALAALAPHELEUGLYGLNARGGLYLEUVALGLUASPASPPHELEUMETLYSVALLEUGLUGLYMETALAPHEALAGLYPHEVALSERGLUARGGLYVALPROTYRARGPROTHRASPLEUPHEASPGLULEUVALALAHISGLUVALALAARGMETARGALAASPGLUASNHISPROGLNARGVALLEUARGHISVALGLNGLULEUALAGLUGLNLEUTYRLYSASNGLUASNPROTYRPROALAVALALAMETHISLYSVALGLNARGPROGLYGLUSERSERHISLEUARGARGVALPROARGPROPHEPROARGLEUASPGLUGLYTHRVALGLNTRPILEVALASPGLNALAALAALALYSMETGLNGLYALAPROPROALAVALLYSALAGLUARGARGTHRTHRVALPROSERGLYPROPROMETTHRALAILELEUGLUARGCYSSERGLYLEUHISVALASNSERALAARGARGLEUGLUVALVALARGASNCYSILESERTYRVALPHEGLUGLYLYSMETLEUGLUALALYSLYSLEULEUPROALAVALLEUARGALALEULYSGLYARGALAALAARGARGCYSLEUALAGLNGLULEUHISLEUHISVALGLNGLNASNARGALAVALLEUASPHISGLNGLNPHEASPPHEVALVALARGMETMETASNCYSCYSLEUGLNASPCYSTHRSERLEUASPGLUHISGLYILEALAALAALALEULEUPROLEUVALTHRALAPHECYSARGLYSLEUSERPROGLYVALTHRGLNPHEALATYRSERCYSVALGLNGLUHISVALVALTRPSERTHRPROGLNPHETRPGLUALAMETPHETYRGLYASPVALGLNTHRHISILEARGALALEUTYRLEUGLUPROTHRGLUASPLEUALAPROALAGLNGLUVALGLYGLUALAPROSERGLNGLUASPGLUARGSERALALEUASPVALALASERGLUGLNARGARGLEUTRPPROTHRLEUSERARGGLULYSGLNGLNGLULEUVALGLNLYSGLUGLUSERTHRVALPHESERGLNALAILEHISTYRALAASNARGMETSERTYRLEULEULEUPROLEUASPSERSERLYSSERARGLEULEUARGGLUARGALAGLYLEUGLYASPLEUGLUSERALASERASNSERLEUVALTHRASNSERMETALAGLYSERVALALAGLUSERTYRASPTHRGLUSERGLYPHEGLUASPALAGLUTHRCYSASPVALALAGLYALAVALVALARGPHEILEASNARGPHEVALASPLYSVALCYSTHRGLUSERGLYVALTHRSERASPHISLEULYSGLYLEUHISVALMETVALPROASPILEVALGLNMETHISILEGLUTHRLEUGLUALAVALGLNARGGLUSERARGARGLEUPROPROILEGLNLYSPROLYSLEULEUARGPROARGLEULEUPROGLYGLUGLUCYSVALLEUASPGLYLEUARGVALTYRLEULEUPROASPGLYARGGLUGLUGLYALAGLYGLYSERALAGLYGLYPROALALEULEUPROALAGLUGLYALAVALPHELEUTHRTHRTYRARGVALILEPHETHRGLYMETPROTHRASPPROLEUVALGLYGLUGLNVALVALVALARGSERPHEPROVALALAALALEUTHRLYSGLULYSARGILESERVALGLNTHRPROVALASPGLNLEULEUGLNASPGLYLEUGLNLEUARGSERCYSTHRPHEGLNLEULEULYSMETALAPHEASPGLUGLUVALGLYSERASPSERALAGLULEUPHEARGLYSGLNLEUHISLYSLEUARGTYRPROPROASPILEARGALATHRPHEALAPHETHRLEUGLYSERALAHISTHRPROGLYARGPROPROARGVALTHRLYSASPLYSGLYPROSERLEUARGTHRLEUSERARGASNLEUVALLYSASNALALYSLYSTHRILEGLYARGGLNHISVALTHRARGLYSLYSTYRASNPROPROSERTRPGLUHISARGGLYGLNPROPROPROGLUASPGLNGLUASPGLUILESERVALSERGLUGLULEUGLUPROSERTHRLEUTHRPROSERSERALALEULYSPROSERASPARGMETTHRMETSERSERLEUVALGLUARGALACYSCYSARGASPTYRGLNARGLEUGLYLEUGLYTHRLEUSERSERSERLEUSERARGALALYSSERGLUPROPHEARGILESERPROVALASNARGMETTYRALAILECYSARGSERTYRPROGLYLEULEUILEVALPROGLNSERVALGLNASPASNALALEUGLNARGVALSERARGCYSTYRARGGLNASNARGPHEPROVALVALCYSTRPARGSERGLYARGSERLYSALAVALLEULEUARGSERGLYGLYLEUHISGLYLYSGLYVALVALGLYLEUPHELYSALAGLNASNALAPROSERPROGLYGLNSERGLNALAASPSERSERSERLEUGLUGLNGLULYSTYRLEUGLNALAVALVALSERSERMETPROARGTYRALAASPALASERGLYARGASNTHRLEUSERGLYPHESERSERALAHISMETGLYSERHISGLYLYSTRPGLYSERVALARGTHRSERGLYARGSERSERGLYLEUGLYTHRASPVALGLYSERARGLEUALAGLYARGASPALALEUALAPROPROGLNALAASNGLYGLYPROPROASPPROGLYPHELEUARGPROGLNARGALAALALEUTYRILELEUGLYASPLYSALAGLNLEULYSGLYVALARGSERASPPROLEUGLNGLNTRPGLULEUVALPROILEGLUVALPHEGLUALAARGGLNVALLYSALASERPHELYSLYSLEULEULYSALACYSVALPROGLYCYSPROALAALAGLUPROSERPROALASERPHELEUARGSERLEUGLUASPSERGLUTRPLEUILEGLNILEHISLYSLEULEUGLNVALSERVALLEUVALVALGLULEULEUASPSERGLYSERSERVALLEUVALGLYLEUGLUASPGLYTRPASPILETHRTHRGLNVALVALSERLEUVALGLNLEULEUSERASPPROPHETYRARGTHRLEUGLUGLYPHEARGLEULEUVALGLULYSGLUTRPLEUSERPHEGLYHISARGPHESERHISARGGLYALAHISTHRLEUALAGLYGLNSERSERGLYPHETHRPROVALPHELEUGLNPHELEUASPCYSVALHISGLNVALHISLEUGLNPHEPROMETGLUPHEGLUPHESERGLNPHETYRLEULYSPHELEUGLYTYRHISHISVALSERARGARGPHEARGTHRPHELEULEUASPSERASPTYRGLUARGILEGLULEUGLYLEULEUTYRGLUGLULYSGLYGLUARGARGGLYGLNVALPROCYSARGSERVALTRPGLUTYRVALASPARGLEUSERLYSARGTHRPROVALPHEHISASNTYRMETTYRALAPROGLUASPALAGLUVALLEUARGPROTYRSERASNVALSERASNLEULYSVALTRPASPPHETYRTHRGLUGLUTHRLEUALAGLUGLYPROPROTYRASPTRPGLULEUALAGLNGLYPROPROGLUPROPROGLUGLUGLUARGSERASPGLYGLYALAPROGLNSERARGARGARGVALVALTRPPROCYSTYRASPSERCYSPROARGALAGLNPROASPALAILESERARGLEULEUGLUGLULEUGLNARGLEUGLUTHRGLULEUGLYGLNPROALAGLUARGTRPLYSASPTHRTRPASPARGVALLYSALAALAGLNARGLEUGLUGLYARGPROASPGLYARGGLYTHRPROSERSERLEULEUVALSERTHRALAPROHISHISARGARGSERLEUGLYVALTYRLEUGLNGLUGLYPROVALGLYSERTHRLEUSERLEUSERLEUASPSERASPGLNSERSERGLYSERTHRTHRSERGLYSERARGGLNALAALAARGARGSERTHRSERTHRLEUTYRSERGLNPHEGLNTHRALAGLUSERGLUASNARGSERTYRGLUGLYTHRLEUTYRLYSLYSGLYALAPHEMETLYSPROTRPLYSALAARGTRPPHEVALLEUASPLYSTHRLYSHISGLNLEUARGTYRTYRASPHISARGVALASPTHRGLUCYSLYSGLYVALILEASPLEUALAGLUVALGLUALAVALALAPROGLYTHRPROTHRMETGLYALAPROLYSTHRVALASPGLULYSALAPHEPHEASPVALLYSTHRTHRARGARGVALTYRASNPHECYSALAGLNASPVALPROSERALAGLNGLNTRPVALASPARGILEGLNSERCYSLEUSERASPALA
0.0	0.0	0.0	0.0	0.0	0.0	0.0	0.0	0.0	0.0	0.0	0.0	
0.0	0.0	0.0	0.0	0.0	0.0	0.0	0.0	0.0	0.0	0.0	0.0	
0.0	0.0	0.0	0.0	0.0	0.0	0.0	0.0	0.0	0.0	0.0	0.0	
0.6707249291296328	20.17095375061035	0.1320442819000865	0.8950169226441692	2.0	21.405805587768555	44.58430862426758	25.38460493340797	810.0	92.0	87.34208034433286	2.0	METPROARGASPASNMETALASERLEUILEGLNARGILEALAARGGLNALACYSLEUTHRPHEARGGLYSERGLYGLYGLYARGGLYALASERASPARGASPALAALASERGLYPROGLUALAPROMETGLNPROGLYPHEPROGLUASNLEUSERLYSLEULYSSERLEULEUTHRGLNLEUARGALAGLUASPLEUASNILEALAPROARGLYSALATHRLEUGLNPROLEUPROPROASNLEUPROPROVALTHRTYRMETHISILETYRGLUTHRASPGLYPHESERLEUGLYVALPHELEULEULYSSERGLYTHRSERILEPROLEUHISASPHISPROGLYMETHISGLYMETLEULYSVALLEUTYRGLYTHRVALARGILESERCYSMETASPLYSLEUASPALAGLYGLYGLYGLNARGPROARGALALEUPROPROGLUGLNGLNPHEGLUPROPROLEUGLNPROARGGLUARGGLUALAVALARGPROGLYVALLEUARGSERARGALAGLUTYRTHRGLUALASERGLYPROCYSILELEUTHRPROHISARGASPASNLEUHISGLNILEASPALAVALGLUGLYPROALAALAPHELEUASPILELEUALAPROPROTYRASPPROASPASPGLYARGASPCYSHISTYRTYRARGVALLEUGLUPROVALARGPROLYSGLUALASERSERSERALACYSASPLEUPROARGGLUVALTRPLEULEUGLUTHRPROGLNALAASPASPPHETRPCYSGLUGLYGLUPROTYRPROGLYPROLYSVALPHEPRO
0.0	0.0	0.0	0.0	0.0	0.0	0.0	0.0	0.0	0.0	0.0	0.0	
0.0	0.0	0.0	0.0	0.0	0.0	0.0	0.0	0.0	0.0	0.0	0.0	
0.0	0.0	0.0	0.0	0.0	0.0	0.0	0.0	0.0	0.0	0.0	0.0	
0.0	0.0	0.0	0.0	0.0	0.0	0.0	0.0	0.0	0.0	0.0	0.0	
0.0	0.0	0.0	0.0	0.0	0.0	0.0	0.0	0.0	0.0	0.0	0.0	
0.49793627851260946	25.065738677978516	0.09663711135383486	0.9008537129919203	2.0	27.196298599243164	50.72978591918945	34.4606164562492	1440.0	134.0	84.06373007712084	1.0	METASNGLYGLUGLUGLUPHEPHEASPALAVALTHRGLYPHEASPSERASPASNSERSERGLYGLUPHESERGLUALAASNGLNLYSVALTHRGLYMETILEASPLEUASPTHRSERLYSASNASNARGILEGLYLYSTHRGLYGLUARGPROSERGLNGLUASNGLYILEGLNLYSHISARGTHRSERLEUPROALAPROMETPHESERARGSERASPPHESERVALTRPTHRILELEULYSLYSCYSVALGLYLEUGLULEUSERLYSILETHRMETPROILEALAPHEASNGLUPROLEUSERPHELEUGLNARGILETHRGLUTYRMETGLUHISVALTYRLEUILEHISARGALASERCYSGLNPROGLNPROLEUGLUARGMETGLNSERVALALAALAPHEALAVALSERALAVALALASERGLNTRPGLUARGTHRGLYLYSPROPHEASNPROLEULEUGLYGLUTHRTYRGLULEUILEARGGLUASPLEUGLYPHEARGPHEILESERGLUGLNVALSERHISHISPROPROILESERALAPHEHISSERGLUGLYLEUASNHISASPPHELEUPHEHISGLYSERILETYRPROLYSLEULYSPHETRPGLYLYSSERVALGLUALAGLUPROARGGLYTHRILETHRLEUGLULEULEULYSHISASNGLUALATYRTHRTRPTHRASNPROTHRCYSCYSVALHISASNVALILEILEGLYLYSLEUTRPILEGLUGLNTYRGLYTHRVALGLUILELEUASNHISARGTHRGLYHISLYSCYSVALLEUHISPHELYSPROCYSGLYLEUPHEGLYLYSGLULEUHISLYSVALGLUGLYHISILEGLNASPLYSASNLYSLYSLYSLEUPHEMETILETYRGLYLYSTRPTHRGLUCYSLEUTRPGLYILEASPPROVALSERTYRGLUSERPHELYSLYSGLNGLUARGARGGLYASPHISLEUARGLYSALALYSLEUASPGLUASPSERGLYLYSALAASPSERASPVALALAASPASPVALPROVALALAGLNGLUTHRVALGLNVALILEPROGLYSERLYSLEULEUTRPARGILEASNTHRARGPROPROASNSERALAGLNMETTYRASNPHETHRSERPHETHRVALSERLEUASNGLULEUGLUTHRGLYMETGLULYSTHRLEUPROPROTHRASPCYSARGLEUARGPROASPILEARGGLYMETGLUASNGLYASNMETASPLEUALASERGLNGLULYSGLUARGLEUGLUGLULYSGLNARGGLUALAARGARGGLUARGALALYSGLUGLUALAGLUTRPGLNTHRARGTRPPHETYRPROGLYASNASNPROTYRTHRGLYTHRPROASPTRPLEUTYRALAGLYASPTYRPHEGLUARGASNPHESERASPCYSPROASPILETYR
0.22127405008120096	38.06937789916992	0.12393323191070822	0.7593360254674951	2.0	28.477825164794922	80.90399932861328	31.878617194545452	528.0	66.0	87.66342163355408	1.0	METALASERSERSERGLYASNASPASPASPLEUTHRILEPROARGALAALAILEASNLYSMETILELYSGLUTHRLEUPROASNVALARGVALALAASNASPALAARGGLULEUVALVALASNCYSCYSTHRGLUPHEILEHISLEUILESERSERGLUALAASNGLUILECYSASNLYSSERGLULYSLYSTHRILESERPROGLUHISVALILEGLNALALEUGLUSERLEUGLYPHEGLYSERTYRILESERGLUVALLYSGLUVALLEUGLNGLUCYSLYSTHRVALALALEULYSARGARGLYSALASERSERARGLEUGLUASNLEUGLYILEPROGLUGLUGLULEULEUARGGLNGLNGLNGLULEUPHEALALYSALAARGGLNGLNGLNALAGLULEUALAGLNGLNGLUTRPLEUGLNMETGLNGLNALAALAGLNGLNALAGLNLEUALAALAALASERALASERALASERASNGLNALAGLYSERSERGLNASPGLUGLUASPASPASPASPILE
0.0	0.0	0.0	0.0	0.0	0.0	0.0	0.0	0.0	0.0	0.0	0.0	
0.0	0.0	0.0	0.0	0.0	0.0	0.0	0.0	0.0	0.0	0.0	0.0	
0.0	0.0	0.0	0.0	0.0	0.0	0.0	0.0	0.0	0.0	0.0	0.0	
0.0	0.0	0.0	0.0	0.0	0.0	0.0	0.0	0.0	0.0	0.0	0.0	
0.5640947583096095	31.917028427124023	0.09275151274202259	0.8558142476768502	2.0	27.06878089904785	73.83677673339844	37.793815690703525	2205.0	164.0	77.46253173241853	1.0	METPROLEUALAGLNLEULYSGLUPROTRPPROLEUMETGLULEUVALPROLEUASPPROGLUASNGLYGLNTHRSERGLYGLUGLUALAGLYLEUGLNPROSERLYSASPGLUGLYVALLEULYSGLUILESERILETHRHISHISVALLYSALAGLYSERGLULYSALAASPPROSERHISPHEGLULEULEULYSVALLEUGLYGLNGLYSERPHEGLYLYSVALPHELEUVALARGLYSVALTHRARGPROASPSERGLYHISLEUTYRALAMETLYSVALLEULYSLYSALATHRLEULYSVALARGASPARGVALARGTHRLYSMETGLUARGASPILELEUALAASPVALASNHISPROPHEVALVALLYSLEUHISTYRALAPHEGLNTHRGLUGLYLYSLEUTYRLEUILELEUASPPHELEUARGGLYGLYASPLEUPHETHRARGLEUSERLYSGLUVALMETPHETHRGLUGLUASPVALLYSPHETYRLEUALAGLULEUALALEUGLYLEUASPHISLEUHISSERLEUGLYILEILETYRARGASPLEULYSPROGLUASNILELEULEUASPGLUGLUGLYHISILELYSLEUTHRASPPHEGLYLEUSERLYSGLUALAILEASPHISGLULYSLYSALATYRSERPHECYSGLYTHRVALGLUTYRMETALAPROGLUVALVALASNARGGLNGLYHISSERHISSERALAASPTRPTRPSERTYRGLYVALLEUMETPHEGLUMETLEUTHRGLYSERLEUPROPHEGLNGLYLYSASPARGLYSGLUTHRMETTHRLEUILELEULYSALALYSLEUGLYMETPROGLNPHELEUSERTHRGLUALAGLNSERLEULEUARGALALEUPHELYSARGASNPROALAASNARGLEUGLYSERGLYPROASPGLYALAGLUGLUILELYSARGHISVALPHETYRSERTHRILEASPTRPASNLYSLEUTYRARGARGGLUILELYSPROPROPHELYSPROALAVALALAGLNPROASPASPTHRPHETYRPHEASPTHRGLUPHETHRSERARGTHRPROLYSASPSERPROGLYILEPROPROSERALAGLYALAHISGLNLEUPHEARGGLYPHESERPHEVALALATHRGLYLEUMETGLUASPASPGLYLYSPROARGALAPROGLNALAPROLEUHISSERVALVALGLNGLNLEUHISGLYLYSASNLEUVALPHESERASPGLYTYRVALVALLYSGLUTHRILEGLYVALGLYSERTYRSERGLUCYSLYSARGCYSVALHISLYSALATHRASNMETGLUTYRALAVALLYSVALILEASPLYSSERLYSARGASPPROSERGLUGLUILEGLUILELEULEUARGTYRGLYGLNHISPROASNILEILETHRLEULYSASPVALTYRASPASPGLYLYSHISVALTYRLEUVALTHRGLULEUMETARGGLYGLYGLULEULEUASPLYSILELEUARGGLNLYSPHEPHESERGLUARGGLUALASERPHEVALLEUHISTHRILEGLYLYSTHRVALGLUTYRLEUHISSERGLNGLYVALVALHISARGASPLEULYSPROSERASNILELEUTYRVALASPGLUSERGLYASNPROGLUCYSLEUARGILECYSASPPHEGLYPHEALALYSGLNLEUARGALAGLUASNGLYLEULEUMETTHRPROCYSTYRTHRALAASNPHEVALALAPROGLUVALLEULYSARGGLNGLYTYRASPGLUGLYCYSASPILETRPSERLEUGLYILELEULEUTYRTHRMETLEUALAGLYTYRTHRPROPHEALAASNGLYPROSERASPTHRPROGLUGLUILELEUTHRARGILEGLYSERGLYLYSPHETHRLEUSERGLYGLYASNTRPASNTHRVALSERGLUTHRALALYSASPLEUVALSERLYSMETLEUHISVALASPPROHISGLNARGLEUTHRALALYSGLNVALLEUGLNHISPROTRPVALTHRGLNLYSASPLYSLEUPROGLNSERGLNLEUSERHISGLNASPLEUGLNLEUVALLYSGLYALAMETALAALATHRTYRSERALALEUASNSERSERLYSPROTHRPROGLNLEULYSPROILEGLUSERSERILELEUALAGLNARGARGVALARGLYSLEUPROSERTHRTHRLEU
0.0	0.0	0.0	0.0	0.0	0.0	0.0	0.0	0.0	0.0	0.0	0.0	
0.9219382282768871	18.9224796295166	0.1285745852853595	0.9438001932078485	2.0	20.640853881835938	32.754581451416016	24.722139951013247	1026.0	94.0	97.80373223635003	3.0	METALASERVALTHRARGALAVALPHEGLYGLULEUPROSERGLYGLYGLYTHRVALGLULYSPHEGLNLEUGLNSERASPLEULEUARGVALASPILEILESERTRPGLYCYSTHRILETHRALALEUGLUVALLYSASPARGGLNGLYARGALASERASPVALVALLEUGLYPHEALAGLULEUGLUGLYTYRLEUGLNLYSGLNPROTYRPHEGLYALAVALILEGLYARGVALALAASNARGILEALALYSGLYTHRPHELYSVALASPGLYLYSGLUTYRHISLEUALAILEASNLYSGLUPROASNSERLEUHISGLYGLYVALARGGLYPHEASPLYSVALLEUTRPTHRPROARGVALLEUSERASNGLYVALGLNPHESERARGILESERPROASPGLYGLUGLUGLYTYRPROGLYGLULEULYSVALTRPVALTHRTYRTHRLEUASPGLYGLYGLULEUILEVALASNTYRARGALAGLNALASERGLNALATHRPROVALASNLEUTHRASNHISSERTYRPHEASNLEUALAGLYGLNALASERPROASNILEASNASPHISGLUVALTHRILEGLUALAASPTHRTYRLEUPROVALASPGLUTHRLEUILEPROTHRGLYGLUVALALAPROVALGLNGLYTHRALAPHEASPLEUARGLYSPROVALGLULEUGLYLYSHISLEUGLNASPPHEHISLEUASNGLYPHEASPHISASNPHECYSLEULYSGLYSERLYSGLULYSHISPHECYSALAARGVALHISHISALAALASERGLYARGVALLEUGLUVALTYRTHRTHRGLNPROGLYVALGLNPHETYRTHRGLYASNPHELEUASPGLYTHRLEULYSGLYLYSASNGLYALAVALTYRPROLYSHISSERGLYPHECYSLEUGLUTHRGLNASNTRPPROASPALAVALASNGLNPROARGPHEPROPROVALLEULEUARGPROGLYGLUGLUTYRASPHISTHRTHRTRPPHELYSPHESERVALALA
0.18641865449833192	39.107295989990234	0.058676241077404885	0.9318051356173658	2.0	44.03647994995117	72.62255859375	54.869862356298846	2193.0	186.0	73.25772719551554	1.0	METVALLYSPROLYSTYRLYSGLYARGSERTHRILEASNPROSERLYSALASERTHRASNPROASPARGVALGLNGLYALAGLYGLYGLNASNMETARGASPARGALATHRILEARGARGLEUASNMETTYRARGGLNLYSGLUARGARGASNSERARGGLYLYSILEILELYSPROLEUGLNTYRGLNSERTHRVALALASERGLYTHRVALALAARGVALGLUPROASNILELYSTRPPHEGLYASNTHRARGVALILELYSGLNSERSERLEUGLNLYSPHEGLNGLUGLUMETASPTHRVALMETLYSASPPROTYRLYSVALVALMETLYSGLNSERLYSLEUPROMETSERLEULEUHISASPARGILEARGPROHISASNLEULYSVALHISILELEUASPTHRGLUSERPHEGLUTHRTHRPHEGLYPROLYSSERGLNARGLYSARGPROASNLEUPHEALASERASPMETGLNSERLEUILEGLUASNALAGLUMETSERTHRGLUSERTYRASPGLNGLYLYSASPARGASPLEUVALTHRGLUASPTHRGLYVALARGASNGLUALAGLNGLUGLUILETYRLYSLYSGLYGLNSERLYSARGILETRPGLYGLULEUTYRLYSVALILEASPSERSERASPVALVALVALGLNVALLEUASPALAARGASPPROMETGLYTHRARGSERPROHISILEGLUTHRTYRLEULYSLYSGLULYSPROTRPLYSHISLEUILEPHEVALLEUASNLYSCYSASPLEUVALPROTHRTRPALATHRLYSARGTRPVALALAVALLEUSERGLNASPTYRPROTHRLEUALAPHEHISALASERLEUTHRASNPROPHEGLYLYSGLYALAPHEILEGLNLEULEUARGGLNPHEGLYLYSLEUHISTHRASPLYSLYSGLNILESERVALGLYPHEILEGLYTYRPROASNVALGLYLYSSERSERVALILEASNTHRLEUARGSERLYSLYSVALCYSASNVALALAPROILEALAGLYGLUTHRLYSVALTRPGLNTYRILETHRLEUMETARGARGILEPHELEUILEASPCYSPROGLYVALVALTYRPROSERGLUASPSERGLUTHRASPILEVALLEULYSGLYVALVALGLNVALGLULYSILELYSSERPROGLUASPHISILEGLYALAVALLEUGLUARGALALYSPROGLUTYRILESERLYSTHRTYRLYSILEASPSERTRPGLUASNALAGLUASPPHELEUGLULYSLEUALAPHEARGTHRGLYLYSLEULEULYSGLYGLYGLUPROASPLEUGLNTHRVALGLYLYSMETVALLEUASNASPTRPGLNARGGLYARGILEPROPHEPHEVALLYSPROPROASNALAGLUPROLEUVALALAPROGLNLEULEUPROSERSERSERLEUGLUVALVALPROGLUALAALAGLNASNASNPROGLYGLUGLUVALTHRGLUTHRALAGLYGLUGLYSERGLUSERILEILELYSGLUGLUTHRGLUGLUASNSERHISCYSASPALAASNTHRGLUMETGLNGLNILELEUTHRARGVALARGGLNASNPHEGLYLYSILEASNVALVALPROGLNPHESERGLYASPASPLEUVALPROVALGLUVALSERASPLEUGLUGLUGLULEUGLUSERPHESERASPGLUGLUGLUGLUGLUGLNGLUGLNGLNARGASPASPALAGLUGLUSERSERSERGLUPROGLUGLUGLUASNVALGLYASNASPTHRLYSALAVALILELYSALALEUASPGLULYSILEALALYSTYRGLNLYSPHELEUASPLYSALALYSALALYSLYSPHESERALAVALARGILESERLYSGLYLEUSERGLULYSILEPHEALALYSPROGLUGLUGLNARGLYSTHRLEUGLUGLUASPVALASPASPARGALAPROSERLYSLYSGLYLYSLYSARGLYSALAGLNARGGLUGLUGLUGLNGLUHISSERASNLYSALAPROARGALALEUTHRSERLYSGLUARGARGARGALAVALARGGLNGLNARGPROLYSLYSVALGLYVALARGTYRTYRGLUTHRHISASNVALLYSASNARGASNARGASNLYSLYSLYSTHRASNASPSERGLUGLYGLNLYSHISLYSARGLYSLYSPHEARGGLNLYSGLN
0.0	0.0	0.0	0.0	0.0	0.0	0.0	0.0	0.0	0.0	0.0	0.0	
0.0	0.0	0.0	0.0	0.0	0.0	0.0	0.0	0.0	0.0	0.0	0.0	
0.23437631976520593	35.534481048583984	0.07606902736231379	0.868258107185583	2.0	34.77029800415039	73.41219329833984	45.42182129441211	1656.0	158.0	71.94595668729177	1.0	METASPGLYVALVALTHRASPLEUILETHRVALGLYLEULYSARGGLYSERASPGLULEULEUSERSERGLYILEILEASNGLYPROPHETHRMETASNSERSERTHRPROSERTHRALAASNGLYASNASPSERLYSLYSPHELYSARGASPARGPROPROCYSSERPROSERARGVALLEUHISLEUARGLYSILEPROCYSASPVALTHRGLUALAGLUILEILESERLEUGLYLEUPROPHEGLYLYSVALTHRASNLEULEUMETLEULYSGLYLYSSERGLNALAPHELEUGLUMETALASERGLUGLUALAALAVALTHRMETVALASNTYRTYRTHRPROILETHRPROHISLEUARGSERGLNPROVALTYRILEGLNTYRSERASNHISARGGLULEULYSTHRASPASNLEUPROASNGLNALAARGALAGLNALAALALEUGLNALAVALSERALAVALGLNSERGLYSERLEUALALEUSERGLYGLYPROSERASNGLUGLYTHRVALLEUPROGLYGLNSERPROVALLEUARGILEILEILEGLUASNLEUPHETYRPROVALTHRLEUGLUVALLEUHISGLNILEPHESERLYSPHEGLYTHRVALLEULYSILEILETHRPHETHRLYSASNASNGLNPHEGLNALALEULEUGLNTYRALAASPPROVALASNALAHISTYRALALYSMETALALEUASPGLYGLNASNILETYRASNALACYSCYSTHRLEUARGILEASPPHESERLYSLEUTHRSERLEUASNVALLYSTYRASNASNASPLYSSERARGASPPHETHRARGLEUASPLEUPROTHRGLYASPGLYGLNPROSERLEUGLUPROPROMETALAALAALAPHEGLYALAPROGLYILEILESERSERPROTYRALAGLYALAALAGLYPHEALAPROALAILEGLYPHEPROGLNALATHRGLYLEUSERVALPROALAVALPROGLYALALEUGLYPROLEUTHRILETHRSERSERALAVALTHRGLYARGMETALAILEPROGLYALASERGLYILEPROGLYASNSERVALLEULEUVALTHRASNLEUASNPROASPLEUILETHRPROHISGLYLEUPHEILELEUPHEGLYVALTYRGLYASPVALHISARGVALLYSILEMETPHEASNLYSLYSGLUASNALALEUVALGLNMETALAASPALAASNGLNALAGLNLEUALAMETASNHISLEUSERGLYGLNARGLEUTYRGLYLYSVALLEUARGALATHRLEUSERLYSHISGLNALAVALGLNLEUPROARGGLUGLYGLNGLUASPGLNGLYLEUTHRLYSASPPHESERASNSERPROLEUHISARGPHELYSLYSPROGLYSERLYSASNPHEGLNASNILEPHEPROPROSERALATHRLEUHISLEUSERASNILEPROPROSERVALTHRVALASPASPLEULYSASNLEUPHEILEGLUALAGLYCYSSERVALLYSALAPHELYSPHEPHEGLNLYSASPARGLYSMETALALEUILEGLNLEUGLYSERVALGLUGLUALAILEGLNALALEUILEGLULEUHISASNHISASPLEUGLYGLUASNHISHISLEUARGVALSERPHESERLYSSERTHRILE
0.0	0.0	0.0	0.0	0.0	0.0	0.0	0.0	0.0	0.0	0.0	0.0	
0.0	0.0	0.0	0.0	0.0	0.0	0.0	0.0	0.0	0.0	0.0	0.0	
0.21570560613932624	39.126651763916016	0.060635330290819876	0.8983024142429569	2.0	50.019474029541016	85.10496520996094	55.077337810007705	2619.0	190.0	68.65861736334405	1.0	METPHETRPLYSPHEASPLEUHISSERSERSERHISILEASPTHRLEULEUGLUARGGLUASPVALTHRLEULYSGLULEUMETASPGLUGLUASPVALLEUGLNGLUCYSLYSALAGLNASNARGLYSLEUILEGLUPHELEULEULYSALAGLUCYSLEUGLUASPLEUVALSERPHEILEILEGLUGLUPROPROGLNASPMETASPGLULYSILEARGTYRLYSTYRPROASNILESERCYSGLULEULEUTHRSERASPVALSERGLNMETASNASPARGLEUGLYGLUASPGLUSERLEULEUMETLYSLEUTYRSERPHELEULEUASNASPSERPROLEUASNPROLEULEUALASERPHEPHESERLYSVALLEUSERILELEUILESERARGLYSPROGLUGLNILEVALASPPHELEULYSLYSLYSHISASPPHEVALASPLEUILEILELYSHISILEGLYTHRSERALAILEMETASPLEULEULEUARGLEULEUTHRCYSILEGLUPROPROGLNPROARGGLNASPVALLEUASNTRPLEUASNGLUGLULYSILEILEGLNARGLEUVALGLUILEVALHISPROSERGLNGLUGLUASPARGHISSERASNALASERGLNSERLEUCYSGLUILEVALARGLEUSERARGASPGLNMETLEUGLNILEGLNASNSERTHRGLUPROASPPROLEULEUALATHRLEUGLULYSGLNGLUILEILEGLUGLNLEULEUSERASNILEPHEHISLYSGLULYSASNGLUSERALAILEVALSERALAILEGLNILELEULEUTHRLEULEUGLUTHRARGARGPROTHRPHEGLUGLYHISILEGLUILECYSPROPROGLYMETSERHISSERALACYSSERVALASNLYSSERVALLEUGLUALAILEARGGLYARGLEUGLYSERPHEHISGLULEULEULEUGLUPROPROLYSLYSSERVALMETLYSTHRTHRTRPGLYVALLEUASPPROPROVALGLYASNTHRARGLEUASNVALILEARGLEUILESERSERLEULEUGLNTHRASNTHRSERSERILEASNGLYASPLEUMETGLULEUASNSERILEGLYVALILELEUASNMETPHEPHELYSTYRTHRTRPASNASNPHELEUHISTHRGLNVALGLUILECYSILEALALEUILELEUALASERPROPHEGLUASNTHRGLUASNALATHRILETHRASPGLNASPSERTHRGLYASPASNLEULEULEULYSHISLEUPHEGLNLYSCYSGLNLEUILEGLUARGILELEUGLUALATRPGLUMETASNGLULYSLYSGLNALAGLUGLYGLYARGARGHISGLYTYRMETGLYHISLEUTHRARGILEALAASNCYSILEVALHISSERTHRASPLYSGLYPROASNSERALALEUVALGLNGLNLEUILELYSASPLEUPROASPGLUVALARGGLUARGTRPGLUTHRPHECYSTHRSERSERLEUGLYGLUTHRASNLYSARGASNTHRVALASPLEUVALTHRTHRCYSHISILEHISSERSERSERASPASPGLUILEASPPHELYSGLUTHRGLYPHESERGLNASPSERSERLEUGLNGLNALAPHESERASPTYRGLNMETGLNGLNMETTHRSERASNPHEILEASPGLNPHEGLYPHEASNASPGLULYSPHEALAASPGLNASPASPILEGLYASNVALSERPHEASPARGVALSERASPILEASNPHETHRLEUASNTHRASNGLUSERGLYASNILEALALEUPHEGLUALACYSCYSLYSGLUARGILEGLNGLNPHEASPASPGLYGLYSERASPGLUGLUASPILETRPGLUGLULYSHISILEALAPHETHRPROGLUSERGLNARGARGSERSERSERGLYSERTHRASPSERGLUGLUSERTHRASPSERGLUGLUGLUASPGLYALALYSGLNASPLEUPHEGLUPROSERSERALAASNTHRGLUASPLYSMETGLUVALASPLEUSERGLUPROPROASNTRPSERALAASNPHEASPVALPROMETGLUTHRTHRHISGLYALAPROLEUASPSERVALGLYSERASPVALTRPSERTHRGLUGLUPROMETPROTHRLYSGLUTHRGLYTRPALASERPHESERGLUPHETHRSERSERLEUSERTHRLYSASPSERLEUARGSERASNSERPROVALGLUMETGLUTHRSERTHRGLUPROMETASPPROLEUTHRPROSERALAALAALALEUALAVALGLNPROGLUALAALAGLYSERVALALAMETGLUALASERSERASPGLYGLUGLUASPALAGLUSERTHRASPLYSVALTHRGLUTHRVALMETASNGLYGLYMETLYSGLUTHRLEUSERLEUTHRVALASPALALYSTHRGLUTHRALAVALPHELYSSERGLUGLUGLYLYSLEUSERTHRSERGLNASPALAALACYSLYSASPALAGLUGLUCYSPROGLUTHRALAGLUALALYSCYSALAALAPROARGPROPROSERSERSERPROGLUGLNARGTHRGLYGLNPROSERALAPROGLYASPTHRSERVALASNGLYPROVAL
0.0	0.0	0.0	0.0	0.0	0.0	0.0	0.0	0.0	0.0	0.0	0.0	
0.0	0.0	0.0	0.0	0.0	0.0	0.0	0.0	0.0	0.0	0.0	0.0	
0.9309482098037004	16.130481719970703	0.17617315539640455	0.8959381668431359	2.0	15.467706680297852	29.7195987701416	19.006558377921866	459.0	78.0	91.54075102040817	1.0	METALAGLULEUPROHISARGILEILELYSGLUTHRGLNARGLEULEUALAGLUPROVALPROGLYILELYSALAGLUPROASPGLUSERASNALAARGTYRPHEHISVALVALILEALAGLYGLUSERLYSASPSERPROPHEGLUGLYGLYTHRPHELYSARGGLULEULEULEUALAGLUGLUTYRPROMETALAALAPROLYSVALARGPHEMETTHRLYSILETYRHISPROASNVALASPLYSLEUGLUARGILESERLEUASPILELEULYSASPLYSTRPSERPROALALEUGLNILEARGTHRVALLEULEUSERILEGLNALALEULEUASNALAPROASNPROASPASPPROLEUALAASNASPVALVALGLUGLNTRPLYSTHRASNGLUALAGLNALAILEGLUTHRALAARGALATRPTHRARGLEUTYRALAMETASNSERILE
0.17915567163246768	38.435279846191406	0.054227900508681204	0.9309531653778436	2.0	54.794677734375	77.91256713867188	59.42519714638679	2736.0	202.0	74.24695074167366	1.0	METPROALAMETPROSERSERGLYPROGLYASPTHRSERSERSERALAALAGLUARGGLUGLUASPARGLYSASPGLYGLUGLUGLNGLUGLUPROARGGLYLYSGLUGLUARGGLNGLUPROSERTHRTHRALAARGLYSVALGLYARGPROGLYARGLYSARGLYSHISPROPROVALGLUSERGLYASPTHRPROLYSASPPROALAVALILESERLYSSERPROSERMETALAGLNASPSERGLYALASERGLULEULEUPROASNGLYASPLEUGLULYSARGSERGLUPROGLNPROGLUGLUGLYSERPROALAGLYGLYGLNLYSGLYGLYALAPROALAGLUGLYGLUGLYALAALAGLUTHRLEUPROGLUALASERARGALAVALGLUASNGLYCYSCYSTHRPROLYSGLUGLYARGGLYALAPROALAGLUALAGLYLYSGLUGLNLYSGLUTHRASNILEGLUSERMETLYSMETGLUGLYSERARGGLYARGLEUARGGLYGLYLEUGLYTRPGLUSERSERLEUARGGLNARGPROMETPROARGLEUTHRPHEGLNALAGLYASPPROTYRTYRILESERLYSARGLYSARGASPGLUTRPLEUALAARGTRPLYSARGGLUALAGLULYSLYSALALYSVALILEALAGLYMETASNALAVALGLUGLUASNGLNGLYPROGLYGLUSERGLNLYSVALGLUGLUALASERPROPROALAVALGLNGLNPROTHRASPPROALASERPROTHRVALALATHRTHRPROGLUPROVALGLYSERASPALAGLYASPLYSASNALATHRLYSALAGLYASPASPGLUPROGLUTYRGLUASPGLYARGGLYPHEGLYILEGLYGLULEUVALTRPGLYLYSLEUARGGLYPHESERTRPTRPPROGLYARGILEVALSERTRPTRPMETTHRGLYARGSERARGALAALAGLUGLYTHRARGTRPVALMETTRPPHEGLYASPGLYLYSPHESERVALVALCYSVALGLULYSLEUMETPROLEUSERSERPHECYSSERALAPHEHISGLNALATHRTYRASNLYSGLNPROMETTYRARGLYSALAILETYRGLUVALLEUGLNVALALASERSERARGALAGLYLYSLEUPHEPROVALCYSHISASPSERASPGLUSERASPTHRALALYSALAVALGLUVALGLNASNLYSPROMETILEGLUTRPALALEUGLYGLYPHEGLNPROSERGLYPROLYSGLYLEUGLUPROPROGLUGLUGLULYSASNPROTYRLYSGLUVALTYRTHRASPMETTRPVALGLUPROGLUALAALAALATYRALAPROPROPROPROALALYSLYSPROARGLYSSERTHRALAGLULYSPROLYSVALLYSGLUILEILEASPGLUARGTHRARGGLUARGLEUVALTYRGLUVALARGGLNLYSCYSARGASNILEGLUASPILECYSILESERCYSGLYSERLEUASNVALTHRLEUGLUHISPROLEUPHEVALGLYGLYMETCYSGLNASNCYSLYSASNCYSPHELEUGLUCYSALATYRGLNTYRASPASPASPGLYTYRGLNSERTYRCYSTHRILECYSCYSGLYGLYARGGLUVALLEUMETCYSGLYASNASNASNCYSCYSARGCYSPHECYSVALGLUCYSVALASPLEULEUVALGLYPROGLYALAALAGLNALAALAILELYSGLUASPPROTRPASNCYSTYRMETCYSGLYHISLYSGLYTHRTYRGLYLEULEUARGARGARGGLUASPTRPPROSERARGLEUGLNMETPHEPHEALAASNASNHISASPGLNGLUPHEASPPROPROLYSVALTYRPROPROVALPROALAGLULYSARGLYSPROILEARGVALLEUSERLEUPHEASPGLYILEALATHRGLYLEULEUVALLEULYSASPLEUGLYILEGLNVALASPARGTYRILEALASERGLUVALCYSGLUASPSERILETHRVALGLYMETVALARGHISGLNGLYLYSILEMETTYRVALGLYASPVALARGSERVALTHRGLNLYSHISILEGLNGLUTRPGLYPROPHEASPLEUVALILEGLYGLYSERPROCYSASNASPLEUSERILEVALASNPROALAARGLYSGLYLEUTYRGLUGLYTHRGLYARGLEUPHEPHEGLUPHETYRARGLEULEUHISASPALAARGPROLYSGLUGLYASPASPARGPROPHEPHETRPLEUPHEGLUASNVALVALALAMETGLYVALSERASPLYSARGASPILESERARGPHELEUGLUSERASNPROVALMETILEASPALALYSGLUVALSERALAALAHISARGALAARGTYRPHETRPGLYASNLEUPROGLYMETASNARGPROLEUALASERTHRVALASNASPLYSLEUGLULEUGLNGLUCYSLEUGLUHISGLYARGILEALALYSPHESERLYSVALARGTHRILETHRTHRARGSERASNSERILELYSGLNGLYLYSASPGLNHISPHEPROVALPHEMETASNGLULYSGLUASPILELEUTRPCYSTHRGLUMETGLUARGVALPHEGLYPHEPROVALHISTYRTHRASPVALSERASNMETSERARGLEUALAARGGLNARGLEULEUGLYARGSERTRPSERVALPROVALILEARGHISLEUPHEALAPROLEULYSGLUTYRPHEALACYSVAL
0.31178763449069097	44.018798828125	0.06301994833972309	0.8746088755911855	2.0	44.83381271362305	93.65152740478516	54.42887170513825	3612.0	136.0	82.55396841995191	0.0	THRGLUMETALALEUARGVALALASERLEUASPTYRLEUGLYTHRVALALAALAARGLEUARGLYSASPALAVALTHRSERLYSMETASPGLNGLYSERILEGLUARGILELEULYSGLNVALSERGLYGLYGLUASPGLUILEGLNGLNLEUGLNLYSALALEULEUASPTYRLEUASPGLUASNTHRGLUTHRASPPROSERLEUVALPHESERARGLYSPHETYRILEALAGLNTRPPHEARGASPTHRTHRLEUGLUTHRGLULYSALAMETLYSSERGLNLYSASPGLUGLUSERSERGLUGLYTHRHISHISALALYSGLUILEGLUTHRTHRGLYGLNILEMETHISARGALAGLUASNARGLYSLYSPHELEUARGSERILEILELYSTHRTHRPROSERGLNPHESERTHRLEULYSMETASNSERASPTHRVALASPTYRASPASPALACYSLEUILEVALARGTYRLEUALASERMETARGPROPHEALAGLNSERPHEASPILETYRLEUTHRGLNILELEUARGVALLEUGLYGLUASNALAILEALAVALARGTHRLYSALAMETLYSCYSLEUSERGLUVALVALALAVALASPPROSERILELEUALAARGLEUASPMETGLNARGGLYVALHISGLYARGLEUMETASPASNSERTHRSERVALARGGLUALAALAVALGLULEULEUGLYARGPHEVALLEUCYSARGPROGLNLEUALAGLUGLNTYRTYRASPMETLEUILEGLUARGILELEUASPTHRGLYILESERVALARGLYSARGVALILELYSILELEUARGASPILECYSILEGLUGLNPROTHRPHEPROLYSILETHRGLUMETCYSVALLYSMETILEARGARGVALASNASPGLUGLUGLYILELYSLYSLEUVALASNGLUTHRPHEGLNLYSLEUTRPPHETHRPROTHRPROHISASNASPLYSGLUALAMETTHRARGLYSILELEUASNILETHRASPVALVALALAALACYSARGASPTHRGLYTYRASPTRPPHEGLUGLNLEULEUGLNASNLEULEULYSSERGLUGLUASPSERSERTYRLYSPROVALLYSLYSALACYSTHRGLNLEUVALASPASNLEUVALGLUHISILELEULYSTYRGLUGLUSERLEUALAASPSERASPASNLYSGLYVALASNSERGLYARGLEUVALALACYSILETHRTHRLEUPHELEUPHESERLYSILEARGPROGLNLEUMETVALLYSHISALAMETTHRMETGLNPROTYRLEUTHRTHRLYSCYSSERTHRGLNASNASPPHEMETVALILECYSASNVALALALYSILELEUGLULEUVALVALPROLEUMETGLUHISPROSERGLUTHRPHELEUALATHRILEGLUGLUASPLEUMETLYSLEUILEILELYSTYRGLYMETTHRVALVALGLNHISCYSVALSERCYSLEUGLYALAVALVALASNLYSVALTHRGLNASNPHELYSPHEVALTRPALACYSPHEASNARGTYRTYRGLYALAILESERLYSLEULYSSERGLNHISGLNGLUASPPROASNASNTHRSERLEULEUTHRASNLYSPROALALEULEUARGSERLEUPHETHRVALGLYALALEUCYSARGHISPHEASPPHEASPLEUGLUASPPHELYSGLYASNSERLYSVALASNILELYSASPLYSVALLEUGLULEULEUMETTYRPHETHRLYSHISSERASPGLUGLUVALGLNTHRLYSALAILEILEGLYLEUGLYPHEALAPHEILEGLNHISPROSERLEUMETPHEGLUGLNGLUVALLYSASNLEUTYRASNASNILELEUSERASPLYSASNSERSERVALASNLEULYSILEGLNVALLEULYSASNLEUGLNTHRTYRLEUGLNGLUGLUASPTHRARGMETGLNGLNALAASPARGASPTRPLYSLYSVALALALYSGLNGLUASPLEULYSGLUMETGLYASPVALSERSERGLYMETSERSERSERILEMETGLNLEUTYRLEULYSGLNVALLEUGLUALAPHEPHEHISTHRGLNSERSERVALARGHISPHEALALEUASNVALILEALALEUTHRLEUASNGLNGLYLEUILEHISPROVALGLNCYSVALPROTYRLEUILEALAMETGLYTHRASPPROGLUPROALAMETARGASNLYSALAASPGLNGLNLEUVALGLUILEASPLYSLYSTYRALAGLYPHEILEHISMETLYSALAVALALAGLYMETLYSMETSERTYRGLNVALGLNGLNALAILEASNTHRCYSLEULYSASPPROVALARGGLYPHEARGGLNASPGLUSERSERSERALALEUCYSSERHISLEUTYRSERMETILEARGGLYASNARGGLNHISARGARGALAPHELEUILESERLEULEUASNLEUPHEASPASPTHRALALYSTHRASPVALTHRMETLEULEUTYRILEALAASPASNLEUALACYSPHEPROTYRGLNTHRGLNGLUGLUPROLEUPHEILEMETHISHISILEASPILETHRLEUSERVALSERGLYSERASNLEULEUGLNSERPHELYSGLUSERMETVALLYSASPLYSARGLYSGLUARGLYSSERSERPROSERLYSGLUASNGLUSERSERASPSERGLUGLUGLUVALSERARGPROARGLYSSERARGLYSARGVALASPSERASPSERASPSERASPSERGLUASPASPILEASNSERVALMETLYSCYSLEUPROGLUASNSERALAPROLEUILEGLUPHEALAASNVALSERGLNGLYILELEULEULEULEUMETLEULYSGLNHISLEULYSASNLEUCYSGLYPHESERASPSERLYSILEGLNLYSTYRSERPROSERGLUSERALALYSVALTYRASPLYSALAILEASNARGLYSTHRGLYVALHISPHEHISPROLYSGLNTHRLEUASPPHELEUARGSERASPMETALAASNSERLYSILETHRGLUGLUVALLYSARGSERILEVALLYSGLNTYRLEUASPPHELYSLEULEUMETGLUHISLEUASPPROASPGLUGLUGLUGLUGLUGLYGLUVALSERALASERTHRASNALAARGASNLYSALAILETHRSERLEULEUGLYGLYGLYSERPROLYSASNASNTHRALAALAGLUTHRGLUASPASPGLUSERASPGLYGLUASPARGGLYGLYGLYTHRSERGLYSERLEUARGARGSERLYSARGASNSERASPSERTHRGLULEUALAALAGLNMETASNGLUSERVALASPVALMETASPVALILEALAILECYSCYSPROLYSTYRLYSASPARGPROGLNILEALAARGVALVALGLNLYSTHRSERSERGLYPHESERVALGLNTRPMETALAGLYSERTYRSERGLYSERTRPTHRGLUALALYSARGARGASPGLYARGLYSLEUVALPROTRPVALASPTHRILELYSGLUSERASPILEILETYRLYSLYSILEALALEUTHRSERALAASNLYSLEUTHRASNLYSVALVALGLNTHRLEUARGSERLEUTYRALAALALYSASPGLYTHRSERSER
0.0	0.0	0.0	0.0	0.0	0.0	0.0	0.0	0.0	0.0	0.0	0.0	
0.4880074494260491	32.775848388671875	0.11893136257223658	0.8284267844543337	2.0	23.723012924194336	65.79729461669922	30.448838327951087	1005.0	94.0	88.48615647550322	3.0	METALAALAGLYALAALAGLUALAALAVALALAALAVALGLUGLUVALGLYSERALAGLYGLNPHEGLUGLULEULEUARGLEULYSALALYSSERLEULEUVALVALHISPHETRPALAPROTRPALAPROGLNCYSALAGLNMETASNGLUVALMETALAGLULEUALALYSGLULEUPROGLNVALSERPHEVALLYSLEUGLUALAGLUGLYVALPROGLUVALSERGLULYSTYRGLUILESERSERVALPROTHRPHELEUPHEPHELYSASNSERGLNLYSILEASPARGLEUASPGLYALAHISALAPROGLULEUTHRLYSLYSVALGLNARGHISALASERSERGLYSERPHELEUPROSERALAASNGLUHISLEULYSGLUASPLEUASNLEUARGLEULYSLYSLEUTHRHISALAALAPROCYSMETLEUPHEMETLYSGLYTHRPROGLNGLUPROARGCYSGLYPHESERLYSGLNMETVALGLUILELEUHISLYSHISASNILEGLNPHESERSERPHEASPILEPHESERASPGLUGLUVALARGGLNGLYLEULYSALATYRSERSERTRPPROTHRTYRPROGLNLEUTYRVALSERGLYGLULEUILEGLYGLYLEUASPILEILELYSGLULEUGLUALASERGLUGLULEUASPTHRILECYSPROLYSALAPROLYSLEUGLUGLUARGLEULYSVALLEUTHRASNLYSALASERVALMETLEUPHEMETLYSGLYASNLYSGLNGLUALALYSCYSGLYPHESERLYSGLNILELEUGLUILELEUASNSERTHRGLYVALGLUTYRGLUTHRPHEASPILELEUGLUASPGLUGLUVALARGGLNGLYLEULYSALATYRSERASNTRPPROTHRTYRPROGLNLEUTYRVALLYSGLYGLULEUVALGLYGLYLEUASPILEVALLYSGLULEULYSGLUASNGLYGLULEULEUPROILELEUARGGLYGLUASN
0.0	0.0	0.0	0.0	0.0	0.0	0.0	0.0	0.0	0.0	0.0	0.0	
0.0	0.0	0.0	0.0	0.0	0.0	0.0	0.0	0.0	0.0	0.0	0.0	
0.0	0.0	0.0	0.0	0.0	0.0	0.0	0.0	0.0	0.0	0.0	0.0	
0.0	0.0	0.0	0.0	0.0	0.0	0.0	0.0	0.0	0.0	0.0	0.0	
0.3117510864218532	33.497005462646484	0.06876001936004672	0.9208667953905918	2.0	37.669578552246094	68.72145080566406	47.379279376718884	2445.0	158.0	87.13588049320266	7.0	METGLUASPGLYPHESERSERTYRSERSERLEUTYRASPTHRSERSERLEULEUGLNPHECYSASNASPASPSERALASERALAALASERSERMETGLUVALTHRASPARGILEALASERLEUGLUGLNARGVALGLNMETGLNGLUASPASPILEGLNLEULEULYSSERALALEUALAASPVALVALARGARGLEUASNILETHRGLUGLUGLNGLNALAVALLEUASNARGLYSGLYPROTHRLYSALAARGPROLEUMETGLNTHRLEUPROLEUARGTHRTHRVALASNASNGLYTHRVALLEUPROLYSLYSPROTHRGLYSERLEUPROSERPROSERGLYVALARGLYSGLUTHRALAVALPROALATHRLYSSERASNILELYSARGTHRSERSERSERGLUARGVALSERPROGLYGLYARGARGGLUSERASNGLYASPSERARGGLYASNARGASNARGTHRGLYSERTHRSERSERSERSERSERGLYLYSLYSASNSERGLUSERLYSPROLYSGLUPROVALPHESERALAGLUGLUGLYTYRVALLYSMETPHELEUARGGLYARGPROVALTHRMETTYRMETPROLYSASPGLNVALASPSERTYRSERLEUGLUALALYSVALGLULEUPROTHRLYSARGLEULYSLEUGLUTRPVALTYRGLYTYRARGGLYARGASPCYSARGASNASNLEUTYRLEULEUPROTHRGLYGLUTHRVALTYRPHEILEALASERVALVALVALLEUTYRASNVALGLUGLUGLNLEUGLNARGHISTYRALAGLYHISASNASPASPVALLYSCYSLEUALAVALHISPROASPARGILETHRILEALATHRGLYGLNVALALAGLYTHRSERLYSASPGLYLYSGLNLEUPROPROHISVALARGILETRPASPSERVALTHRLEUASNTHRLEUHISVALILEGLYILEGLYPHEPHEASPARGALAVALTHRCYSILEALAPHESERLYSSERASNGLYGLYTHRASNLEUCYSALAVALASPASPSERASNASPHISVALLEUSERVALTRPASPTRPGLNLYSGLUGLULYSLEUALAASPVALLYSCYSSERASNGLUALAVALPHEALAALAASPPHEHISPROTHRASPTHRASNILEILEVALTHRCYSGLYLYSSERHISLEUTYRPHETRPTHRLEUGLUGLYSERSERLEUASNLYSLYSGLNGLYLEUPHEGLULYSGLNGLULYSPROLYSPHEVALLEUCYSVALTHRPHESERGLUASNGLYASPTHRILETHRGLYASPSERSERGLYASNILELEUVALTRPGLYLYSGLYTHRASNARGILESERTYRALAVALGLNGLYALAHISGLUGLYGLYILEPHEALALEUCYSMETLEUARGASPGLYTHRLEUVALSERGLYGLYGLYLYSASPARGLYSLEUILESERTRPSERGLYASNTYRGLNLYSLEUARGLYSTHRGLUILEPROGLUGLNPHEGLYPROILEARGTHRVALALAGLUGLYLYSGLYASPVALILELEUILEGLYTHRTHRARGASNPHEVALLEUGLNGLYTHRLEUSERGLYASPPHETHRPROILETHRGLNGLYHISTHRASPGLULEUTRPGLYLEUALAILEHISALASERLYSSERGLNPHELEUTHRCYSGLYHISASPLYSHISALATHRLEUTRPASPALAVALGLYHISARGPROVALTRPASPLYSILEILEGLUASPPROALAGLNSERSERGLYPHEHISPROSERGLYSERVALVALALAVALGLYTHRLEUTHRGLYARGTRPPHEVALPHEASPTHRGLUTHRLYSASPLEUVALTHRVALHISTHRASPGLYASNGLUGLNLEUSERVALMETARGTYRSERPROASPGLYASNPHELEUALAILEGLYSERHISASPASNCYSILETYRILETYRGLYVALSERASPASNGLYARGLYSTYRTHRARGVALGLYLYSCYSSERGLYHISSERSERPHEILETHRHISLEUASPTRPSERVALASNSERGLNPHELEUVALSERASNSERGLYASPTYRGLUILELEUTYRTRPVALPROSERALACYSLYSGLNVALVALSERVALGLUTHRTHRARGASPILEGLUTRPALATHRTYRTHRCYSTHRLEUGLYPHEHISVALPHEGLYVALTRPPROGLUGLYSERASPGLYTHRASPILEASNALAVALCYSARGALAHISGLULYSLYSLEULEUSERTHRGLYASPASPPHEGLYLYSVALHISLEUPHESERTYRPROCYSSERGLNPHEARGALAPROSERHISILETYRGLYGLYHISSERSERHISVALTHRASNVALASPPHELEUCYSGLUASPSERHISLEUILESERTHRGLYGLYLYSASPTHRSERILEMETGLNTRPARGVALILE
0.0	0.0	0.0	0.0	0.0	0.0	0.0	0.0	0.0	0.0	0.0	0.0	
0.0	0.0	0.0	0.0	0.0	0.0	0.0	0.0	0.0	0.0	0.0	0.0	
0.0	0.0	0.0	0.0	0.0	0.0	0.0	0.0	0.0	0.0	0.0	0.0	
0.10440018824026914	44.45097351074219	0.05905851237768026	0.9293090537985202	2.0	43.75056457519531	75.58578491210938	54.66112717407143	1320.0	144.0	61.382387649036986	1.0	METPROILEPROPROPROPROPROPROPROPROGLYPROPROPROPROPROTHRPHEHISGLNALAASNTHRGLUGLNPROLYSLEUSERARGASPGLUGLNARGGLYARGGLYALALEULEUGLNASPILECYSLYSGLYTHRLYSLEULYSLYSVALTHRASNILEASNASPARGSERALAPROILELEUGLULYSPROLYSGLYSERSERGLYGLYTYRGLYSERGLYGLYALAALALEUGLNPROLYSGLYGLYLEUPHEGLNGLYGLYVALLEULYSLEUARGPROVALGLYALALYSASPGLYSERGLUASNLEUALAGLYLYSPROALALEUGLNILEPROSERSERARGALAALAALAPROARGPROPROVALSERALAALASERGLYARGPROGLNASPASPTHRASPSERSERARGALASERLEUPROGLULEUPROARGMETGLNARGPROSERLEUPROASPLEUSERARGPROASNTHRTHRSERSERTHRGLYMETLYSHISSERSERSERALAPROPROPROPROPROPROGLYARGARGALAASNALAPROPROTHRPROLEUPROMETHISSERSERLYSALAPROALATYRASNARGGLULYSPROLEUPROPROTHRPROGLYGLNARGLEUHISPROGLYARGGLUGLYPROPROALAPROPROPROVALLYSPROPROPROSERPROVALASNILEARGTHRGLYPROSERGLYGLNSERLEUALAPROPROPROPROPROTYRARGGLNPROPROGLYVALPROASNGLYPROSERSERPROTHRASNGLUSERALAPROGLULEUPROGLNARGHISASNSERLEUHISARGLYSTHRPROGLYPROVALARGGLYLEUALAPROPROPROPROTHRSERALASERPROSERLEULEUSERASNARGPROPROPROPROALAARGASPPROPROSERARGGLYALAALAPROPROPROPROPROPROVALILEARGASNGLYALAARGASPALAPROPROPROPROPROPROTYRARGMETHISGLYSERGLUPROPROSERARGGLYLYSPROPROPROPROPROSERARGTHRPROALAGLYPROPROPROPROPROPROPROPROLEUARGASNGLYHISARGASPSERILETHRTHRVALARGSERPHELEUASPASPPHEGLUSERLYSTYRSERPHEHISPROVALGLUASPPHEPROALAPROGLUGLUTYRLYSHISPHEGLNARGILETYRPROSERLYSTHRASNARGALAALAARGGLYALAPROPROLEUPROPROILELEUARG
0.2664898560773528	35.881778717041016	0.12845199852773703	0.7493425597352668	2.0	26.010066986083984	63.82500076293945	31.167358003619974	597.0	68.0	83.17388059701493	5.0	METGLUASPALAALAALAPROGLYARGTHRGLUGLYVALLEUGLUARGGLNGLYALAPROPROALAALAGLYGLNGLYGLYALALEUVALGLULEUTHRPROTHRPROGLYGLYLEUALALEUVALSERPROTYRHISTHRHISARGALAGLYASPPROLEUASPLEUVALALALEUALAGLUGLNVALGLNLYSALAASPGLUPHEILEARGALAASNALATHRASNLYSLEUTHRVALILEALAGLUGLNILEGLNHISLEUGLNGLUGLNALAARGLYSVALLEUGLUASPALAHISARGASPALAASNLEUHISHISVALALACYSASNILEVALLYSLYSPROGLYASNILETYRTYRLEUTYRLYSARGGLUSERGLYGLNGLNTYRPHESERILEILESERPROLYSGLUTRPGLYTHRSERCYSPROHISASPPHELEUGLYALATYRLYSLEUGLNHISASPLEUSERTRPTHRPROTYRGLUASPILEGLULYSGLNASPALALYSILESERMETMETASPTHRLEULEUSERGLNSERVALALALEUPROPROCYSTHRGLUPROASNPHEGLNGLYLEUTHRHIS
0.0	0.0	0.0	0.0	0.0	0.0	0.0	0.0	0.0	0.0	0.0	0.0	
0.0	0.0	0.0	0.0	0.0	0.0	0.0	0.0	0.0	0.0	0.0	0.0	
0.0	0.0	0.0	0.0	0.0	0.0	0.0	0.0	0.0	0.0	0.0	0.0	
0.6915048525489279	18.123918533325195	0.14489752622335292	0.8942098273620637	2.0	16.629362106323242	45.026954650878906	23.153723638160617	633.0	74.0	93.88917073170732	7.0	METSERTHRALAALAVALPROGLULEULYSGLNILESERARGVALGLUALAMETARGLEUGLYPROGLYTRPSERHISSERCYSHISALAMETLEUTYRALAALAASNPROGLYGLNLEUPHEGLYARGILEPROMETARGPHESERVALLEUMETGLNMETARGPHEASPGLYLEULEUGLYPHEPROGLYGLYPHEVALASPARGARGPHETRPSERLEUGLUASPGLYLEUASNARGVALLEUGLYLEUGLYLEUGLYCYSLEUARGLEUTHRGLUALAASPTYRLEUSERSERHISLEUTHRGLUGLYPROHISARGVALVALALAHISLEUTYRALAARGGLNLEUTHRLEUGLUGLNLEUHISALAVALGLUILESERALAVALHISSERARGASPHISGLYLEUGLUVALLEUGLYLEUVALARGVALPROLEUTYRTHRGLNLYSASPARGVALGLYGLYPHEPROASNPHELEUSERASNALAPHEVALSERTHRALALYSCYSGLNLEULEUPHEALALEULYSVALLEUASNMETMETPROGLUGLULYSLEUVALGLUALALEUALAALAALATHRGLULYSGLNLYSLYSALALEUGLULYSLEULEUPROALASERSER
0.0	0.0	0.0	0.0	0.0	0.0	0.0	0.0	0.0	0.0	0.0	0.0	
0.17455605379369518	64.01185607910156	0.05490905621810707	0.8208120116256267	2.0	58.09706115722656	158.65304565429688	66.56310499101524	3696.0	130.0	72.17122317596566	1.0	METLYSGLUGLUVALLYSGLYILEPROVALARGVALALALEUARGCYSARGPROLEUVALPROLYSGLUILESERGLUGLYCYSGLNMETCYSLEUSERPHEVALPROGLYGLUPROGLNVALVALVALGLYTHRASPLYSSERPHETHRTYRASPPHEVALPHEASPPROSERTHRGLUGLNGLUGLUVALPHEASNTHRALAVALALAPROLEUILELYSGLYVALPHELYSGLYTYRASNALATHRVALLEUALATYRGLYGLNTHRGLYSERGLYLYSTHRTYRSERMETGLYGLYALATYRTHRALAGLUGLNGLUASNGLUPROTHRVALGLYVALILEPROARGVALILEGLNLEULEUPHELYSGLUILEASPLYSLYSSERASPPHEGLUPHETHRLEULYSVALSERTYRLEUGLUILETYRASNGLUGLUILELEUASPLEULEUCYSPROSERARGGLULYSALAGLNILEASNILEARGGLUASPPROLYSGLUGLYILELYSILEVALGLYLEUTHRGLULYSTHRVALLEUVALALALEUASPTHRVALSERCYSLEUGLUGLNGLYASNASNSERARGTHRVALALASERTHRALAMETASNSERGLNSERSERARGSERHISALAILEPHETHRILESERLEUGLUGLNARGLYSLYSSERASPLYSASNSERSERPHEARGSERLYSLEUHISLEUVALASPLEUALAGLYSERGLUARGGLNLYSLYSTHRLYSALAGLUGLYASPARGLEULYSGLUGLYILEASNILEASNARGGLYLEULEUCYSLEUGLYASNVALILESERALALEUGLYASPASPLYSLYSGLYGLYPHEVALPROTYRARGASPSERLYSLEUTHRARGLEULEUGLNASPSERLEUGLYGLYASNSERHISTHRLEUMETILEALACYSVALSERPROALAASPSERASNLEUGLUGLUTHRLEUASNTHRLEUARGTYRALAASPARGALAARGLYSILELYSASNLYSPROILEVALASNILEASPPROGLNTHRALAGLULEUASNHISLEULYSGLNGLNVALGLNGLNLEUGLNVALLEULEULEUGLNALAHISGLYGLYTHRLEUPROGLYSERILETHRVALGLUPROSERGLUASNLEUGLNSERLEUMETGLULYSASNGLNSERLEUVALGLUGLUASNGLULYSLEUSERARGGLYLEUSERGLUALAALAGLYGLNTHRALAGLNMETLEUGLUARGILEILELEUTHRGLUGLNALAASNGLULYSMETASNALALYSLEUGLUGLULEUARGGLNHISALAALACYSLYSLEUASPLEUGLNLYSLEUVALGLUTHRLEUGLUASPGLNGLULEULYSGLUASNVALGLUILEILECYSASNLEUGLNGLNLEUILETHRGLNLEUSERASPGLUTHRVALALACYSMETALAALAALAILEASPTHRALAVALGLUGLNGLUALAGLNVALGLUTHRSERPROGLUTHRSERARGSERSERASPALAPHETHRTHRGLNHISALALEUARGGLNALAGLNMETSERLYSGLULEUVALGLULEUASNLYSALALEUALALEULYSGLUALALEUALAARGLYSMETTHRGLNASNASPSERGLNLEUGLNPROILEGLNTYRGLNTYRGLNASPASNILELYSGLULEUGLULEUGLUVALILEASNLEUGLNLYSGLULYSGLUGLULEUVALLEUGLULEUGLNTHRALALYSLYSASPALAASNGLNALALYSLEUSERGLUARGARGARGLYSARGLEUGLNGLULEUGLUGLYGLNILEALAASPLEULYSLYSLYSLEUASNGLUGLNSERLYSLEULEULYSLEULYSGLUSERTHRGLUARGTHRVALSERLYSLEUASNGLNGLUILEARGMETMETLYSASNGLNARGVALGLNLEUMETARGGLNMETLYSGLUASPALAGLULYSPHEARGGLNTRPLYSGLNLYSLYSASPLYSGLUVALILEGLNLEULYSGLUARGASPARGLYSARGGLNTYRGLULEULEULYSLEUGLUARGASNPHEGLNLYSGLNSERASNVALLEUARGARGLYSTHRGLUGLUALAALAALAALAASNLYSARGLEULYSASPALALEUGLNLYSGLNARGGLUVALALAASPLYSARGLYSGLUTHRGLNSERARGGLYMETGLUGLYTHRALAALAARGVALLYSASNTRPLEUGLYASNGLUILEGLUVALMETVALSERTHRGLUGLUALALYSARGHISLEUASNASPLEULEUGLUASPARGLYSILELEUALAGLNASPVALALAGLNLEULYSGLULYSLYSGLUSERGLYGLUASNPROPROPROLYSLEUARGARGARGTHRPHESERLEUTHRGLUVALARGGLYGLNVALSERGLUSERGLUASPSERILETHRLYSGLNILEGLUSERLEUGLUTHRGLUMETGLUPHEARGSERALAGLNILEALAASPLEUGLNGLNLYSLEULEUASPALAGLUSERGLUASPARGPROLYSGLNARGTRPGLUASNILEALATHRILELEUGLUALALYSCYSALALEULYSTYRLEUILEGLYGLULEUVALSERSERLYSILEGLNVALSERLYSLEUGLUSERSERLEULYSGLNSERLYSTHRSERCYSALAASPMETGLNLYSMETLEUPHEGLUGLUARGASNHISPHEALAGLUILEGLUTHRGLULEUGLNALAGLULEUVALARGMETGLUGLNGLNHISGLNGLULYSVALLEUTYRLEULEUSERGLNLEUGLNGLNSERGLNMETALAGLULYSGLNLEUGLUGLUSERVALSERGLULYSGLUGLNGLNLEULEUSERTHRLEULYSCYSGLNASPGLUGLULEUGLULYSMETARGGLUVALCYSGLUGLNASNGLNGLNLEULEUARGGLUASNGLUILEILELYSGLNLYSLEUTHRLEULEUGLNVALALASERARGGLNLYSHISLEUPROLYSASPTHRLEULEUSERPROASPSERSERPHEGLUTYRVALPROPROLYSPROLYSPROSERARGVALLYSGLULYSPHELEUGLUGLNSERMETASPILEGLUASPLEULYSTYRCYSSERGLUHISSERVALASNGLUHISGLUASPGLYASPGLYASPASPASPGLUGLYASPASPGLUGLUTRPLYSPROTHRLYSLEUVALLYSVALSERARGLYSASNILEGLNGLYCYSSERCYSLYSGLYTRPCYSGLYASNLYSGLNCYSGLYCYSARGLYSGLNLYSSERASPCYSGLYVALASPCYSCYSCYSASPPROTHRLYSCYSARGASNARGGLNGLNGLYLYSASPSERLEUGLYTHRVALGLUARGTHRGLNASPSERGLUGLYSERPHELYSLEUGLUASPPROTHRGLUVALTHRPROGLYLEUSERPHEPHEASNPROVALCYSALATHRPROASNSERLYSILELEULYSGLUMETCYSASPVALGLUGLNVALLEUSERLYSLYSTHRPROPROALAPROSERPROPHEASPLEUPROGLULEULYSHISVALALATHRGLUTYRGLNGLUASNLYSALAPROGLYLYSLYSLYSLYSARGALALEUALASERASNTHRSERPHEPHESERGLYCYSSERPROILEGLUGLUGLUALAHIS
0.0	0.0	0.0	0.0	0.0	0.0	0.0	0.0	0.0	0.0	0.0	0.0	
0.0	0.0	0.0	0.0	0.0	0.0	0.0	0.0	0.0	0.0	0.0	0.0	
0.2573660978438195	41.004024505615234	0.17817039416939143	0.6480177688140696	2.0	27.656307220458984	78.10381317138672	25.983568738091087	318.0	96.0	80.22151972157772	3.0	METALAVALTHRALALEUALAALAARGTHRTRPLEUGLYVALTRPGLYVALARGTHRMETGLNALAARGGLYPHEGLYSERASPGLNSERGLUASNVALASPARGGLYALAGLYSERILEARGGLUALAGLYGLYALAPHEGLYLYSARGGLUGLNALAGLUGLUGLUARGTYRPHEARGALAGLNSERARGGLUGLNLEUALAALALEULYSLYSHISHISGLUGLUGLUILEVALHISHISLYSLYSGLUILEGLUARGLEUGLNLYSGLUILEGLUARGHISLYSGLNLYSILELYSMETLEULYSHISASPASP
0.0	0.0	0.0	0.0	0.0	0.0	0.0	0.0	0.0	0.0	0.0	0.0	
0.0	0.0	0.0	0.0	0.0	0.0	0.0	0.0	0.0	0.0	0.0	0.0	
0.0	0.0	0.0	0.0	0.0	0.0	0.0	0.0	0.0	0.0	0.0	0.0	
0.0	0.0	0.0	0.0	0.0	0.0	0.0	0.0	0.0	0.0	0.0	0.0	
0.0	0.0	0.0	0.0	0.0	0.0	0.0	0.0	0.0	0.0	0.0	0.0	
0.0	0.0	0.0	0.0	0.0	0.0	0.0	0.0	0.0	0.0	0.0	0.0	
0.0	0.0	0.0	0.0	0.0	0.0	0.0	0.0	0.0	0.0	0.0	0.0	
0.43657416025763196	32.90673828125	0.0996659483353176	0.8235504824287969	2.0	26.116708755493164	79.38606262207031	36.54973439422319	1563.0	132.0	85.6837321867322	4.0	METALAASPASNGLULYSLEUASPASNGLNARGLEULYSASNPHELYSASNLYSGLYARGASPLEUGLUTHRMETARGARGGLNARGASNGLUVALVALVALGLULEUARGLYSASNLYSARGASPGLUHISLEULEULYSARGARGASNVALPROHISGLUASPILECYSGLUASPSERASPILEASPGLYASPTYRARGVALGLNASNTHRSERLEUGLUALAILEVALGLNASNALASERSERASPASNGLNGLYILEGLNLEUSERALAVALGLNALAALAARGLYSLEULEUSERSERASPARGASNPROPROILEASPASPLEUILELYSSERGLYILELEUPROILELEUVALHISCYSLEUGLUARGASPASPASNPROSERLEUGLNPHEGLUALAALATRPALALEUTHRASNILEALASERGLYTHRSERGLUGLNTHRGLNALAVALVALGLNSERASNALAVALPROLEUPHELEUARGLEULEUHISSERPROHISGLNASNVALCYSGLUGLNALAVALTRPALALEUGLYASNILEILEGLYASPGLYPROGLNCYSARGASPTYRVALILESERLEUGLYVALVALLYSPROLEULEUSERPHEILESERPROSERILEPROILETHRPHELEUARGASNVALTHRTRPVALMETVALASNLEUCYSARGHISLYSASPPROPROPROPROMETGLUTHRILEGLNGLUILELEUPROALALEUCYSVALLEUILEHISHISTHRASPVALASNILELEUVALASPTHRVALTRPALALEUSERTYRLEUTHRASPALAGLYASNGLUGLNILEGLNMETVALILEASPSERGLYILEVALPROHISLEUVALPROLEULEUSERHISGLNGLUVALLYSVALGLNTHRALAALALEUARGALAVALGLYASNILEVALTHRGLYTHRASPGLUGLNTHRGLNVALVALLEUASNCYSASPALALEUSERHISPHEPROALALEULEUTHRHISPROLYSGLULYSILEASNLYSGLUALAVALTRPPHELEUSERASNILETHRALAGLYASNGLNGLNGLNVALGLNALAVALILEASPALAASNLEUVALPROMETILEILEHISLEULEUASPLYSGLYASPPHEGLYTHRGLNLYSGLUALAALATRPALAILESERASNLEUTHRILESERGLYARGLYSASPGLNVALALATYRLEUILEGLNGLNASNVALILEPROPROPHECYSASNLEULEUTHRVALLYSASPALAGLNVALVALGLNVALVALLEUASPGLYLEUSERASNILELEULYSMETALAGLUASPGLUALAGLUTHRILEGLYASNLEUILEGLUGLUCYSGLYGLYLEUGLULYSILEGLUGLNLEUGLNASNHISGLUASNGLUASPILETYRLYSLEUALATYRGLUILEILEASPGLNPHEPHESERSERASPASPILEASPGLUASPPROSERLEUVALPROGLUALAILEGLNGLYGLYTHRPHEGLYPHEASNSERSERALAASNVALPROTHRGLUGLYPHEGLNPHE
0.0	0.0	0.0	0.0	0.0	0.0	0.0	0.0	0.0	0.0	0.0	0.0	
0.0	0.0	0.0	0.0	0.0	0.0	0.0	0.0	0.0	0.0	0.0	0.0	
0.0	0.0	0.0	0.0	0.0	0.0	0.0	0.0	0.0	0.0	0.0	0.0	
0.0	0.0	0.0	0.0	0.0	0.0	0.0	0.0	0.0	0.0	0.0	0.0	
0.24907587603460968	34.370243072509766	0.07821300531888249	0.8547525229945224	2.0	38.90650177001953	79.60459899902344	44.8747342252725	1644.0	112.0	81.78488247614615	9.0	METALAALAPROPROALAARGALAASPALAASPPROSERPROTHRSERPROPROTHRALAARGASPTHRPROGLYARGGLNALAGLULYSSERGLUTHRALACYSGLUASPARGSERASNALAGLUSERLEUASPARGLEULEUPROPROVALGLYTHRGLYARGSERPROARGLYSARGTHRTHRSERGLNCYSLYSSERGLUPROPROLEULEUARGTHRSERLYSARGTHRILETYRTHRALAGLYARGPROPROTRPTYRASNGLUHISGLYTHRGLNSERLYSGLUALAPHEALAILEGLYLEUGLYGLYGLYSERALASERGLYLYSTHRTHRVALALAARGMETILEILEGLUALALEUASPVALPROTRPVALVALLEULEUSERMETASPSERPHETYRLYSVALLEUTHRGLUGLNGLNGLNGLUGLNALAALAHISASNASNPHEASNPHEASPHISPROASPALAPHEASPPHEASPLEUILEILESERTHRLEULYSLYSLEULYSGLNGLYLYSSERVALLYSVALPROILETYRASPPHETHRTHRHISSERARGLYSLYSASPTRPLYSTHRLEUTYRGLYALAASNVALILEILEPHEGLUGLYILEMETALAPHEALAASPLYSTHRLEULEUGLULEULEUASPMETLYSILEPHEVALASPTHRASPSERASPILEARGLEUVALARGARGLEUARGARGASPILESERGLUARGGLYARGASPILEGLUGLYVALILELYSGLNTYRASNLYSPHEVALLYSPROSERPHEASPGLNTYRILEGLNPROTHRMETARGLEUALAASPILEVALVALPROARGGLYSERGLYASNTHRVALALAILEASPLEUILEVALGLNHISVALHISSERGLNLEUGLUGLUARGGLULEUSERVALARGALAALALEUALASERALAHISGLNCYSHISPROLEUPROARGTHRLEUSERVALLEULYSSERTHRPROGLNVALARGGLYMETHISTHRILEILEARGASPLYSGLUTHRSERARGASPGLUPHEILEPHETYRSERLYSARGLEUMETARGLEULEUILEGLUHISALALEUSERPHELEUPROPHEGLNASPCYSVALVALGLNTHRPROGLNGLYGLNASPTYRALAGLYLYSCYSTYRALAGLYLYSGLNILETHRGLYVALSERILELEUARGALAGLYGLUTHRMETGLUPROALALEUARGALAVALCYSLYSASPVALARGILEGLYTHRILELEUILEGLNTHRASNGLNLEUTHRGLYGLUPROGLULEUHISTYRLEUARGLEUPROLYSASPILESERASPASPHISVALILELEUMETASPCYSTHRVALSERTHRGLYALAALAALAMETMETALAVALARGVALLEULEUASPHISASPVALPROGLUASPLYSILEPHELEULEUSERLEULEUMETALAGLUMETGLYVALHISSERVALALATYRALAPHEPROARGVALARGILEILETHRTHRALAVALASPLYSARGVALASNASPLEUPHEARGILEILEPROGLYILEGLYASNPHEGLYASPARGTYRPHEGLYTHRASPALAVALPROASPGLYSERASPGLUGLUGLUVALALATYRTHRGLY
0.0	0.0	0.0	0.0	0.0	0.0	0.0	0.0	0.0	0.0	0.0	0.0	
0.0	0.0	0.0	0.0	0.0	0.0	0.0	0.0	0.0	0.0	0.0	0.0	
0.0	0.0	0.0	0.0	0.0	0.0	0.0	0.0	0.0	0.0	0.0	0.0	
0.1514768584623318	40.68791580200195	0.08063522401336795	0.8546945844850101	2.0	36.9766845703125	79.64154815673828	43.52968312585588	924.0	138.0	65.90505684210527	2.0	METALAGLYLYSLYSASNVALLEUSERSERLEUALAVALTYRALAGLUASPSERGLUPROGLUSERASPGLYGLUALAGLYILEGLUALAVALGLYSERALAALAGLUGLULYSGLYGLYLEUVALSERASPALATYRGLYGLUASPASPPHESERARGLEUGLYGLYASPGLUASPGLYTYRGLUGLUGLUGLUASPGLUASNSERARGGLNSERGLUASPASPASPSERGLUTHRGLULYSPROGLUALAASPASPPROLYSASPASNTHRGLUALAGLULYSARGASPPROGLNGLULEUVALALASERPHESERGLUARGVALARGASNMETSERPROASPGLUILELYSILEPROPROGLUPROPROGLYARGCYSSERASNHISLEUGLNASPLYSILEGLNLYSLEUTYRGLUARGLYSILELYSGLUGLYMETASPMETASNTYRILEILEGLNARGLYSLYSGLUPHEARGASNPROSERILETYRGLULYSLEUILEGLNPHECYSALAILEASPGLULEUGLYTHRASNTYRPROLYSASPMETPHEASPPROHISGLYTRPSERGLUASPSERTYRTYRGLUALALEUALALYSALAGLNLYSILEGLUMETASPLYSLEUGLULYSALALYSLYSGLUARGTHRLYSILEGLUPHEVALTHRGLYTHRLYSLYSGLYTHRTHRTHRASNALATHRSERTHRTHRTHRTHRTHRALASERTHRALAVALALAASPALAGLNLYSARGLYSSERLYSTRPASPSERALAILEPROVALTHRTHRILEALAGLNPROTHRILELEUTHRTHRTHRALATHRLEUPROALAVALVALTHRVALTHRTHRSERALASERGLYSERLYSTHRTHRVALILESERALAVALGLYTHRILEVALLYSLYSALALYSGLN
0.5659604086454533	25.30181884765625	0.10029464336395022	0.9136508906875582	2.0	26.808713912963867	45.88170623779297	32.73883599819384	1434.0	130.0	81.58234003172925	1.0	METALATHRASPSERTRPALALEUALAVALASPGLUGLNGLUALAALAVALLYSSERMETTHRASNLEUGLNILELYSGLUGLULYSVALLYSALAASPTHRASNGLYILEILELYSTHRSERTHRTHRALAGLULYSTHRASPGLUGLUGLULYSGLUASPARGALAALAGLNSERLEULEUASNLYSLEUILEARGSERASNLEUVALASPASNTHRASNGLNVALGLUVALLEUGLNARGASPPROASNSERPROLEUTYRSERVALLYSSERPHEGLUGLULEUARGLEULYSPROGLNLEULEUGLNGLYVALTYRALAMETGLYPHEASNARGPROSERLYSILEGLNGLUASNALALEUPROMETMETLEUALAGLUPROPROGLNASNLEUILEALAGLNSERGLNSERGLYTHRGLYLYSTHRALAALAPHEVALLEUALAMETLEUSERARGVALGLUPROSERASPARGTYRPROGLNCYSLEUCYSLEUSERPROTHRTYRGLULEUALALEUGLNTHRGLYLYSVALILEGLUGLNMETGLYLYSPHETYRPROGLULEULYSLEUALATYRALAVALARGGLYASNLYSLEUGLUARGGLYGLNLYSILESERGLUGLNILEVALILEGLYTHRPROGLYTHRVALLEUASPTRPCYSSERLYSLEULYSPHEILEASPPROLYSLYSILELYSVALPHEVALLEUASPGLUALAASPVALMETILEALATHRGLNGLYHISGLNASPGLNSERILEARGILEGLNARGMETLEUPROARGASNCYSGLNMETLEULEUPHESERALATHRPHEGLUASPSERVALTRPLYSPHEALAGLNLYSVALVALPROASPPROASNVALILELYSLEULYSARGGLUGLUGLUTHRLEUASPTHRILELYSGLNTYRTYRVALLEUCYSSERSERARGASPGLULYSPHEGLNALALEUCYSASNLEUTYRGLYALAILETHRILEALAGLNALAMETILEPHECYSHISTHRARGLYSTHRALASERTRPLEUALAALAGLULEUSERLYSGLUGLYHISGLNVALALALEULEUSERGLYGLUMETMETVALGLUGLNARGALAALAVALILEGLUARGPHEARGGLUGLYLYSGLULYSVALLEUVALTHRTHRASNVALCYSALAARGGLYILEASPVALGLUGLNVALSERVALVALILEASNPHEASPLEUPROVALASPLYSASPGLYASNPROASPASNGLUTHRTYRLEUHISARGILEGLYARGTHRGLYARGPHEGLYLYSARGGLYLEUALAVALASNMETVALASPSERLYSHISSERMETASNILELEUASNARGILEGLNGLUHISPHEASNLYSLYSILEGLUARGLEUASPTHRASPASPLEUASPGLUILEGLULYSILEALAASN
0.1271070482078549	42.98230743408203	0.09989539760764873	0.781105693833612	2.0	28.955562591552734	84.67879486083984	38.44731105423956	585.0	124.0	55.69790510948906	3.0	METGLYSERGLNSERSERLYSALAPROARGGLYASPVALTHRALAGLUGLUALAALAGLYALASERPROALALYSALAASNGLYGLNGLUASNGLYHISVALLYSSERASNGLYASPLEUSERPROLYSGLYGLUGLYGLUSERPROPROVALASNGLYTHRASPGLUALAALAGLYALATHRGLYASPALAILEGLUPROALAPROPROSERGLNGLYALAGLUALALYSGLYGLUVALPROPROLYSGLUTHRPROLYSLYSLYSLYSLYSPHESERPHELYSLYSPROPHELYSLEUSERGLYLEUSERPHELYSARGASNARGLYSGLUGLYGLYGLYASPSERSERALASERSERPROTHRGLUGLUGLUGLNGLUGLNGLYGLUILEGLYALACYSSERASPGLUGLYTHRALAGLNGLUGLYLYSALAALAALATHRPROGLUSERGLNGLUPROGLNALALYSGLYALAGLUALASERALAALASERGLUGLUGLUALAGLYPROGLNALATHRGLUPROSERTHRPROSERGLYPROGLUSERGLYPROTHRPROALASERALAGLUGLNASNGLU
0.0	0.0	0.0	0.0	0.0	0.0	0.0	0.0	0.0	0.0	0.0	0.0	
0.0	0.0	0.0	0.0	0.0	0.0	0.0	0.0	0.0	0.0	0.0	0.0	
0.0933416338360268	52.6528434753418	0.04508083585329557	0.9441208670796918	2.0	63.08311462402344	92.8879165649414	70.48581056417021	2262.0	262.0	57.68045037799582	1.0	METGLYILELYSVALGLNARGPROARGCYSPHEPHEASPILEALAILEASNASNGLNPROALAGLYARGVALVALPHEGLULEUPHESERASPVALCYSPROLYSTHRCYSGLUASNPHEARGCYSLEUCYSTHRGLYGLULYSGLYTHRGLYLYSSERTHRGLNLYSPROLEUHISTYRLYSSERCYSLEUPHEHISARGVALVALLYSASPPHEMETVALGLNGLYGLYASPPHESERGLUGLYASNGLYARGGLYGLYGLUSERILETYRGLYGLYPHEPHEGLUASPGLUSERPHEALAVALLYSHISASNLYSGLUPHELEULEUSERMETALAASNARGGLYLYSASPTHRASNGLYSERGLNPHEPHEILETHRTHRLYSPROTHRPROHISLEUASPGLYHISHISVALVALPHEGLYGLNVALILESERGLYGLNGLUVALVALARGGLUILEGLUASNGLNLYSTHRASPALAALASERLYSPROPHEALAGLUVALARGILELEUSERCYSGLYGLULEUILEPROLYSSERLYSVALLYSLYSGLUGLULYSLYSARGHISLYSSERSERSERSERSERSERSERSERSERSERASPSERASPSERSERSERASPSERGLNSERSERSERASPSERSERASPSERGLUSERALATHRGLUGLULYSSERLYSLYSARGLYSLYSLYSHISARGLYSASNSERARGLYSHISLYSLYSGLULYSLYSLYSARGLYSLYSSERLYSLYSSERALASERSERGLUSERGLUALAGLUASNLEUGLUALAGLNPROGLNSERTHRVALARGPROGLUGLUILEPROPROILEPROGLUASNARGPHELEUMETARGLYSSERPROPROLYSALAASPGLULYSGLUARGLYSASNARGGLUARGGLUARGGLUARGGLUCYSASNPROPROASNSERGLNPROALASERTYRGLNARGARGLEULEUVALTHRARGSERGLYARGLYSILELYSGLYARGGLYPROARGARGTYRARGTHRPROSERARGSERARGSERARGASPARGPHEARGARGSERGLUTHRPROPROHISTRPARGGLNGLUMETGLNARGALAGLNARGMETARGVALSERSERGLYGLUARGTRPILELYSGLYASPLYSSERGLULEUASNGLUILELYSGLUASNGLNARGSERPROVALARGVALLYSGLUARGLYSILETHRASPHISARGASNVALSERGLUSERPROASNARGLYSASNGLULYSGLULYSLYSVALLYSASPHISLYSSERASNSERLYSGLUARGASPILEARGARGASNSERGLULYSASPASPLYSTYRLYSASNLYSVALLYSLYSARGALALYSSERLYSSERARGSERLYSSERLYSGLULYSSERLYSSERLYSGLUARGASPSERLYSHISASNARGASNGLUGLULYSARGMETARGSERARGSERLYSGLYARGASPHISGLUASNVALLYSGLULYSGLULYSGLNSERASPSERLYSGLYLYSASPGLNGLUARGSERARGSERLYSGLULYSSERLYSGLNLEUGLUSERLYSSERASNGLUHISASPHISSERLYSSERLYSGLULYSASPARGARGALAGLNSERARGSERARGGLUCYSASPILETHRLYSGLYLYSHISSERTYRASNSERARGTHRARGGLUARGSERARGSERARGASPARGSERARGARGVALARGSERARGTHRHISASPARGASPARGSERARGSERLYSGLUTYRHISARGTYRARGGLUGLNGLUTYRARGARGARGGLYARGSERARGSERARGGLUARGARGTHRPROPROGLYARGSERARGSERLYSASPARGARGARGARGARGARGASPSERARGSERSERGLUARGGLUGLUSERGLNSERARGASNLYSASPLYSTYRARGASNGLNGLUSERLYSSERSERHISARGLYSGLUASNSERGLUSERGLULYSARGMETTYRSERLYSSERARGASPHISASNSERSERASNASNSERARGGLULYSLYSALAASPARGASPGLNSERPROPHESERLYSILELYSGLNSERSERGLNASPASNGLULEULYSSERSERMETLEULYSASNLYSGLUASPGLULYSILEARGSERSERVALGLULYSGLUASNGLNLYSSERLYSGLYGLNGLUASNASPHISVALHISGLULYSASNLYSLYSPHEASPHISGLUSERSERPROGLYTHRASPGLUASPLYSSERGLY
0.4214489221779465	31.803096771240234	0.08031888381171136	0.8864515851740875	2.0	30.21515655517578	76.20440673828125	42.13554050103581	2316.0	118.0	71.63772252610642	1.0	METGLYASPGLUASPASPASPGLUSERCYSALAVALGLULEUARGILETHRGLUALAASNLEUTHRGLYHISGLUGLULYSVALSERVALGLUASNPHEGLULEULEULYSVALLEUGLYTHRGLYALATYRGLYLYSVALPHELEUVALARGLYSALAGLYGLYHISASPALAGLYLYSLEUTYRALAMETLYSVALLEUARGLYSALAALALEUVALGLNARGALALYSTHRGLNGLUHISTHRARGTHRGLUARGSERVALLEUGLULEUVALARGGLNALAPROPHELEUVALTHRLEUHISTYRALAPHEGLNTHRASPALALYSLEUHISLEUILELEUASPTYRVALSERGLYGLYGLUMETPHETHRHISLEUTYRGLNARGGLNTYRPHELYSGLUALAGLUVALARGVALTYRGLYGLYGLUILEVALLEUALALEUGLUHISLEUHISLYSLEUGLYILEILETYRARGASPLEULYSLEUGLUASNVALLEULEUASPSERGLUGLYHISILEVALLEUTHRASPPHEGLYLEUSERLYSGLUPHELEUTHRGLUGLULYSGLUARGTHRPHESERPHECYSGLYTHRILEGLUTYRMETALAPROGLUILEILEARGSERLYSTHRGLYHISGLYLYSALAVALASPTRPTRPSERLEUGLYILELEULEUPHEGLULEULEUTHRGLYALASERPROPHETHRLEUGLUGLYGLUARGASNTHRGLNALAGLUVALSERARGARGILELEULYSCYSSERPROPROPHEPROPROARGILEGLYPROVALALAGLNASPLEULEUGLNARGLEULEUCYSLYSASPPROLYSLYSARGLEUGLYALAGLYPROGLNGLYALAGLNGLUVALARGASNHISPROPHEPHEGLNGLYLEUASPTRPVALALALEUALAALAARGLYSILEPROALAPROPHEARGPROGLNILEARGSERGLULEUASPVALGLYASNPHEALAGLUGLUPHETHRARGLEUGLUPROVALTYRSERPROPROGLYSERPROPROPROGLYASPPROARGILEPHEGLNGLYTYRSERPHEVALALAPROSERILELEUPHEASPHISASNASNALAVALMETTHRASPGLYLEUGLUALAPROGLYALAGLYASPARGPROGLYARGALAALAVALALAARGSERALAMETMETGLNASPSERPROPHEPHEGLNGLNTYRGLULEUASPLEUARGGLUPROALALEUGLYGLNGLYSERPHESERVALCYSARGARGCYSARGGLNARGGLNSERGLYGLNGLUPHEALAVALLYSILELEUSERARGARGLEUGLUALAASNTHRGLNARGGLUVALALAALALEUARGLEUCYSGLNSERHISPROASNVALVALASNLEUHISGLUVALHISHISASPGLNLEUHISTHRTYRLEUVALLEUGLULEULEUARGGLYGLYGLULEULEUGLUHISILEARGLYSLYSARGHISPHESERGLUSERGLUALASERGLNILELEUARGSERLEUVALSERALAVALSERPHEMETHISGLUGLUALAGLYVALVALHISARGASPLEULYSPROGLUASNILELEUTYRALAASPASPTHRPROGLYALAPROVALLYSILEILEASPPHEGLYPHEALAARGLEUARGPROGLNSERPROGLYVALPROMETGLNTHRPROCYSPHETHRLEUGLNTYRALAALAPROGLULEULEUALAGLNGLNGLYTYRASPGLUSERCYSASPLEUTRPSERLEUGLYVALILELEUTYRMETMETLEUSERGLYGLNVALPROPHEGLNGLYALASERGLYGLNGLYGLYGLNSERGLNALAALAGLUILEMETCYSLYSILEARGGLUGLYARGPHESERLEUASPGLYGLUALATRPGLNGLYVALSERGLUGLUALALYSGLULEUVALARGGLYLEULEUTHRVALASPPROALALYSARGLEULYSLEUGLUGLYLEUARGGLYSERSERTRPLEUGLNASPGLYSERALAARGSERSERPROPROLEUARGTHRPROASPVALLEUGLUSERSERGLYPROALAVALARGSERGLYLEUASNALATHRPHEMETALAPHEASNARGGLYLYSARGGLUGLYPHEPHELEULYSSERVALGLUASNALAPROLEUALALYSARGARGLYSGLNLYSLEUARGSERALATHRALASERARGARGGLYSERPROALAPROALAASNPROGLYARGALAPROVALALASERLYSGLYALAPROARGARGALAASNGLYPROLEUPROPROSER
0.0	0.0	0.0	0.0	0.0	0.0	0.0	0.0	0.0	0.0	0.0	0.0	
0.0	0.0	0.0	0.0	0.0	0.0	0.0	0.0	0.0	0.0	0.0	0.0	
0.0	0.0	0.0	0.0	0.0	0.0	0.0	0.0	0.0	0.0	0.0	0.0	
0.0	0.0	0.0	0.0	0.0	0.0	0.0	0.0	0.0	0.0	0.0	0.0	
0.14551901688507246	53.00149154663086	0.048805870260793104	0.914972402643138	2.0	54.40273666381836	100.41170501708984	67.18018547210205	3198.0	212.0	63.32355274160793	1.0	METGLYPHEGLULEUASPARGPHEASPGLYASPVALASPPROASPLEULYSCYSALALEUCYSHISLYSVALLEUGLUASPPROLEUTHRTHRPROCYSGLYHISVALPHECYSALAGLYCYSVALLEUPROTRPVALVALGLNGLUGLYSERCYSPROALAARGCYSARGGLYARGLEUSERALALYSGLULEUASNHISVALLEUPROLEULYSARGLEUILELEULYSLEUASPILELYSCYSALATYRALATHRARGGLYCYSGLYARGVALVALLYSLEUGLNGLNLEUPROGLUHISLEUGLUARGCYSASPPHEALAPROALAARGCYSARGHISALAGLYCYSGLYGLNVALLEULEUARGARGASPVALGLUALAHISMETARGASPALACYSASPALAARGPROVALGLYARGCYSGLNGLUGLYCYSGLYLEUPROLEUTHRHISGLYGLUGLNARGALAGLYGLYHISCYSCYSALAARGALALEUARGALAHISASNGLYALALEUGLNALAARGLEUGLYALALEUHISLYSALALEULYSLYSGLUALALEUARGALAGLYLYSARGGLULYSSERLEUVALALAGLNLEUALAALAALAGLNLEUGLULEUGLNMETTHRALALEUARGTYRGLNLYSLYSPHETHRGLUTYRSERALAARGLEUASPSERLEUSERARGCYSVALALAALAPROPROGLYGLYLYSGLYGLUGLUTHRLYSSERLEUTHRLEUVALLEUHISARGASPSERGLYSERLEUGLYPHEASNILEILEGLYGLYARGPROSERVALASPASNHISASPGLYSERSERSERGLUGLYILEPHEVALSERLYSILEVALASPSERGLYPROALAALALYSGLUGLYGLYLEUGLNILEHISASPARGILEILEGLUVALASNGLYARGASPLEUSERARGALATHRHISASPGLNALAVALGLUALAPHELYSTHRALALYSGLUPROILEVALVALGLNVALLEUARGARGTHRPROARGTHRLYSMETPHETHRPROPROSERGLUSERGLNLEUVALASPTHRGLYTHRGLNTHRASPILETHRPHEGLUHISILEMETALALEUTHRLYSMETSERSERPROSERPROPROVALLEUASPPROTYRLEULEUPROGLUGLUHISPROSERALAHISGLUTYRTYRASPPROASNASPTYRILEGLYASPILEHISGLNGLUMETASPARGGLUGLULEUGLULEUGLUGLUVALASPLEUTYRARGMETASNSERGLNASPLYSLEUGLYLEUTHRVALCYSTYRARGTHRASPASPGLUASPASPILEGLYILETYRILESERGLUILEASPPROASNSERILEALAALALYSASPGLYARGILEARGGLUGLYASPARGILEILEGLNILEASNGLYILEGLUVALGLNASNARGGLUGLUALAVALALALEULEUTHRSERGLUGLUASNLYSASNPHESERLEULEUILEALAARGPROGLULEUGLNLEUASPGLUGLYTRPMETASPASPASPARGASNASPPHELEUASPASPLEUHISMETASPMETLEUGLUGLUGLNHISHISGLNALAMETGLNPHETHRALASERVALLEUGLNGLNLYSLYSHISASPGLUASPGLYGLYTHRTHRASPTHRALATHRILELEUSERASNGLNHISGLULYSASPSERGLYVALGLYARGTHRASPGLUSERTHRARGASNASPGLUSERSERGLUGLNGLUASNASNGLYASPASPALATHRALASERSERASNPROLEUALAGLYGLNARGLYSLEUTHRCYSSERGLNASPTHRLEUGLYSERGLYASPLEUPROPHESERASNGLUSERPHEILESERALAASPCYSTHRASPALAASPTYRLEUGLYILEPROVALASPGLUCYSGLUARGPHEARGGLULEULEUGLULEULYSCYSGLNVALLYSSERALATHRPROTYRGLYLEUTYRTYRPROSERGLYPROLEUASPALAGLYLYSSERASPPROGLUSERVALASPLYSGLULEUGLULEULEUASNGLUGLULEUARGSERILEGLULEUGLUCYSLEUSERILEVALARGALAHISLYSMETGLNGLNLEULYSGLUGLNTYRARGGLUSERTRPMETLEUHISASNSERGLYPHEARGASNTYRASNTHRSERILEASPVALARGARGHISGLULEUSERASPILETHRGLULEUPROGLULYSSERASPLYSASPSERSERSERALATYRASNTHRGLYGLUSERCYSARGSERTHRPROLEUTHRLEUGLUILESERPROASPASNSERLEUARGARGALAALAGLUGLYILESERCYSPROSERSERGLUGLYALAVALGLYTHRTHRGLUALATYRGLYPROALASERLYSASNLEULEUSERILETHRGLUASPPROGLUVALGLYTHRPROTHRTYRSERPROSERLEULYSGLULEUASPPROASNGLNPROLEUGLUSERLYSGLUARGARGALASERASPGLYSERARGSERPROTHRPROSERGLNLYSLEUGLYSERALATYRLEUPROSERTYRHISHISSERPROTYRLYSHISALAHISILEPROALAHISALAGLNHISTYRGLNSERTYRMETGLNLEUILEGLNGLNLYSSERALAVALGLUTYRALAGLNSERGLNMETSERLEUVALSERMETCYSLYSASPLEUSERSERPROTHRPROSERGLUPROARGMETGLUTRPLYSVALLYSILEARGSERASPGLYTHRARGTYRILETHRLYSARGPROVALARGASPARGLEULEUARGGLUARGALALEULYSILEARGGLUGLUARGSERGLYMETTHRTHRASPASPASPALAVALSERGLUMETLYSMETGLYARGTYRTRPSERLYSGLUGLUARGLYSGLNHISLEUVALLYSALALYSGLUGLNARGARGARGARGGLUPHEMETMETGLNSERARGLEUASPCYSLEULYSGLUGLNGLNALAALAASPASPARGLYSGLUMETASNILELEUGLULEUSERHISLYSLYSMETMETLYSLYSARGASNLYSLYSILEPHEASPASNTRPMETTHRILEGLNGLULEULEUTHRHISGLYTHRLYSSERPROASPGLYTHRARGVALTYRASNSERPHELEUSERVALTHRTHRVAL
0.1901701939125705	84.81526184082031	0.1478956602032478	0.5677894178684452	2.0	14.524438858032227	142.38076782226562	35.725517641776726	615.0	94.0	88.938749244713	10.0	METALATHRPROLEUGLYTRPSERLYSALAGLYSERGLYSERVALCYSLEUALALEUASPGLNLEUARGASPVALILEGLUSERGLNGLUGLULEUILEHISGLNLEUARGASNVALMETVALLEUGLNASPGLUASNPHEVALSERLYSGLUGLUPHEGLNALAVALGLULYSLYSLEUVALGLUGLULYSALAALAHISALALYSTHRLYSVALLEULEUALALYSGLUGLUGLULYSLEUGLNPHEALALEUGLYGLUVALGLUVALLEUSERLYSGLNLEUGLULYSGLULYSLEUALAPHEGLULYSALALEUSERSERVALLYSSERLYSVALLEUGLNGLUSERSERLYSLYSASPGLNLEUILETHRLYSCYSASNGLUILEGLUSERHISILEILELYSGLNGLUASPILELEUASNGLYLYSGLUASNGLUILELYSGLULEUGLNGLNVALILESERGLNGLNLYSGLNILEPHEARGASNHISMETSERASPPHEARGILEGLNLYSGLNGLNGLUSERTYRMETALAGLNVALLEUASPGLNLYSHISLYSLYSALASERGLYTHRARGGLNALAARGSERHISGLNHISPROARGGLULYS
0.0	0.0	0.0	0.0	0.0	0.0	0.0	0.0	0.0	0.0	0.0	0.0	
0.8426748156086404	18.9932918548584	0.13329895102788897	0.9222695353186222	2.0	19.52142333984375	36.36631393432617	24.402631387801446	891.0	102.0	95.7923080204778	1.0	METALASERPROGLNLEUCYSARGALALEUVALSERALAGLNTRPVALALAGLUALALEUARGALAPROARGALAGLYGLNPROLEUGLNLEULEUASPALASERTRPTYRLEUPROLYSLEUGLYARGASPALAARGARGGLUPHEGLUGLUARGHISILEPROGLYALAALAPHEPHEASPILEASPGLNCYSSERASPARGTHRSERPROTYRASPHISMETLEUPROGLYALAGLUHISPHEALAGLUTYRALAGLYARGLEUGLYVALGLYALAALATHRHISVALVALILETYRASPALASERASPGLNGLYLEUTYRSERALAPROARGVALTRPTRPMETPHEARGALAPHEGLYHISHISALAVALSERLEULEUASPGLYGLYLEUARGHISTRPLEUARGGLNASNLEUPROLEUSERSERGLYLYSSERGLNPROALAPROALAGLUPHEARGALAGLNLEUASPPROALAPHEILELYSTHRTYRGLUASPILELYSGLUASNLEUGLUSERARGARGPHEGLNVALVALASPSERARGALATHRGLYARGPHEARGGLYTHRGLUPROGLUPROARGASPGLYILEGLUPROGLYHISILEPROGLYTHRVALASNILEPROPHETHRASPPHELEUSERGLNGLUGLYLEUGLULYSSERPROGLUGLUILEARGHISLEUPHEGLNGLULYSLYSVALASPLEUSERLYSPROLEUVALALATHRCYSGLYSERGLYVALTHRALACYSHISVALALALEUGLYALATYRLEUCYSGLYLYSPROASPVALPROILETYRASPGLYSERTRPVALGLUTRPTYRMETARGALAARGPROGLUASPVALILESERGLUGLYARGGLYLYSTHRHIS
0.0	0.0	0.0	0.0	0.0	0.0	0.0	0.0	0.0	0.0	0.0	0.0	
